Unique Id,indicator_id,geo_type_id,measurement_type_id,internal_id,subtopic_id,name,Measure,geo_type_name,description,geo_entity_id,geo_entity_name,year_description,data_value,message,
410722,365,1,104,2023,122,Fine Particulate Matter (PM2.5),Mean,Borough,Borough,1,Bronx,Annual Average 2016,7.75,,
410725,365,1,104,2023,122,Fine Particulate Matter (PM2.5),Mean,Borough,Borough,2,Brooklyn,Annual Average 2016,7.76,,
410728,365,1,104,2023,122,Fine Particulate Matter (PM2.5),Mean,Borough,Borough,3,Manhattan,Annual Average 2016,8.97,,
410731,365,1,104,2023,122,Fine Particulate Matter (PM2.5),Mean,Borough,Borough,4,Queens,Annual Average 2016,7.17,,
410734,365,1,104,2023,122,Fine Particulate Matter (PM2.5),Mean,Borough,Borough,5,Staten Island,Annual Average 2016,6.84,,
410737,365,3,104,2023,122,Fine Particulate Matter (PM2.5),Mean,UHF42,Neighborhood (UHF 42),101,Kingsbridge - Riverdale,Annual Average 2016,7.5,,
410740,365,3,104,2023,122,Fine Particulate Matter (PM2.5),Mean,UHF42,Neighborhood (UHF 42),102,Northeast Bronx,Annual Average 2016,7.55,,
410743,365,3,104,2023,122,Fine Particulate Matter (PM2.5),Mean,UHF42,Neighborhood (UHF 42),103,Fordham - Bronx Pk,Annual Average 2016,7.57,,
410746,365,3,104,2023,122,Fine Particulate Matter (PM2.5),Mean,UHF42,Neighborhood (UHF 42),104,Pelham - Throgs Neck,Annual Average 2016,7.5,,
410749,365,3,104,2023,122,Fine Particulate Matter (PM2.5),Mean,UHF42,Neighborhood (UHF 42),105,Crotona -Tremont,Annual Average 2016,8.18,,
410752,365,3,104,2023,122,Fine Particulate Matter (PM2.5),Mean,UHF42,Neighborhood (UHF 42),106,High Bridge - Morrisania,Annual Average 2016,8.16,,
410755,365,3,104,2023,122,Fine Particulate Matter (PM2.5),Mean,UHF42,Neighborhood (UHF 42),107,Hunts Point - Mott Haven,Annual Average 2016,8.26,,
410758,365,3,104,2023,122,Fine Particulate Matter (PM2.5),Mean,UHF42,Neighborhood (UHF 42),201,Greenpoint,Annual Average 2016,9.46,,
410761,365,3,104,2023,122,Fine Particulate Matter (PM2.5),Mean,UHF42,Neighborhood (UHF 42),202,Downtown - Heights - Slope,Annual Average 2016,8.86,,
410764,365,3,104,2023,122,Fine Particulate Matter (PM2.5),Mean,UHF42,Neighborhood (UHF 42),203,Bedford Stuyvesant - Crown Heights,Annual Average 2016,7.94,,
410767,365,3,104,2023,122,Fine Particulate Matter (PM2.5),Mean,UHF42,Neighborhood (UHF 42),204,East New York,Annual Average 2016,7.8,,
410770,365,3,104,2023,122,Fine Particulate Matter (PM2.5),Mean,UHF42,Neighborhood (UHF 42),205,Sunset Park,Annual Average 2016,8.4,,
410773,365,3,104,2023,122,Fine Particulate Matter (PM2.5),Mean,UHF42,Neighborhood (UHF 42),206,Borough Park,Annual Average 2016,7.45,,
410776,365,3,104,2023,122,Fine Particulate Matter (PM2.5),Mean,UHF42,Neighborhood (UHF 42),207,East Flatbush - Flatbush,Annual Average 2016,7.64,,
410779,365,3,104,2023,122,Fine Particulate Matter (PM2.5),Mean,UHF42,Neighborhood (UHF 42),208,Canarsie - Flatlands,Annual Average 2016,7.12,,
410782,365,3,104,2023,122,Fine Particulate Matter (PM2.5),Mean,UHF42,Neighborhood (UHF 42),209,Bensonhurst - Bay Ridge,Annual Average 2016,7.11,,
410785,365,3,104,2023,122,Fine Particulate Matter (PM2.5),Mean,UHF42,Neighborhood (UHF 42),210,Coney Island - Sheepshead Bay,Annual Average 2016,6.75,,
410788,365,3,104,2023,122,Fine Particulate Matter (PM2.5),Mean,UHF42,Neighborhood (UHF 42),211,Williamsburg - Bushwick,Annual Average 2016,8.67,,
410791,365,3,104,2023,122,Fine Particulate Matter (PM2.5),Mean,UHF42,Neighborhood (UHF 42),301,Washington Heights,Annual Average 2016,7.81,,
410794,365,3,104,2023,122,Fine Particulate Matter (PM2.5),Mean,UHF42,Neighborhood (UHF 42),302,Central Harlem - Morningside Heights,Annual Average 2016,7.95,,
410797,365,3,104,2023,122,Fine Particulate Matter (PM2.5),Mean,UHF42,Neighborhood (UHF 42),303,East Harlem,Annual Average 2016,8.19,,
410800,365,3,104,2023,122,Fine Particulate Matter (PM2.5),Mean,UHF42,Neighborhood (UHF 42),304,Upper West Side,Annual Average 2016,8.49,,
410803,365,3,104,2023,122,Fine Particulate Matter (PM2.5),Mean,UHF42,Neighborhood (UHF 42),305,Upper East Side,Annual Average 2016,9.07,,
410806,365,3,104,2023,122,Fine Particulate Matter (PM2.5),Mean,UHF42,Neighborhood (UHF 42),306,Chelsea - Clinton,Annual Average 2016,10.32,,
410809,365,3,104,2023,122,Fine Particulate Matter (PM2.5),Mean,UHF42,Neighborhood (UHF 42),307,Gramercy Park - Murray Hill,Annual Average 2016,10.76,,
410812,365,3,104,2023,122,Fine Particulate Matter (PM2.5),Mean,UHF42,Neighborhood (UHF 42),308,Greenwich Village - SoHo,Annual Average 2016,9.52,,
410815,365,3,104,2023,122,Fine Particulate Matter (PM2.5),Mean,UHF42,Neighborhood (UHF 42),309,Union Square - Lower East Side,Annual Average 2016,9.02,,
410818,365,3,104,2023,122,Fine Particulate Matter (PM2.5),Mean,UHF42,Neighborhood (UHF 42),310,Lower Manhattan,Annual Average 2016,9.53,,
410821,365,3,104,2023,122,Fine Particulate Matter (PM2.5),Mean,UHF42,Neighborhood (UHF 42),401,Long Island City - Astoria,Annual Average 2016,8.65,,
410824,365,3,104,2023,122,Fine Particulate Matter (PM2.5),Mean,UHF42,Neighborhood (UHF 42),402,West Queens,Annual Average 2016,8.14,,
410827,365,3,104,2023,122,Fine Particulate Matter (PM2.5),Mean,UHF42,Neighborhood (UHF 42),403,Flushing - Clearview,Annual Average 2016,7.22,,
410830,365,3,104,2023,122,Fine Particulate Matter (PM2.5),Mean,UHF42,Neighborhood (UHF 42),404,Bayside - Little Neck,Annual Average 2016,6.88,,
410833,365,3,104,2023,122,Fine Particulate Matter (PM2.5),Mean,UHF42,Neighborhood (UHF 42),405,Ridgewood - Forest Hills,Annual Average 2016,7.56,,
410836,365,3,104,2023,122,Fine Particulate Matter (PM2.5),Mean,UHF42,Neighborhood (UHF 42),406,Fresh Meadows,Annual Average 2016,7.03,,
410839,365,3,104,2023,122,Fine Particulate Matter (PM2.5),Mean,UHF42,Neighborhood (UHF 42),407,Southwest Queens,Annual Average 2016,7.02,,
410842,365,3,104,2023,122,Fine Particulate Matter (PM2.5),Mean,UHF42,Neighborhood (UHF 42),408,Jamaica,Annual Average 2016,6.99,,
410845,365,3,104,2023,122,Fine Particulate Matter (PM2.5),Mean,UHF42,Neighborhood (UHF 42),409,Southeast Queens,Annual Average 2016,6.51,,
410848,365,3,104,2023,122,Fine Particulate Matter (PM2.5),Mean,UHF42,Neighborhood (UHF 42),410,Rockaways,Annual Average 2016,5.98,,
410851,365,3,104,2023,122,Fine Particulate Matter (PM2.5),Mean,UHF42,Neighborhood (UHF 42),501,Port Richmond,Annual Average 2016,7.3,,
410854,365,3,104,2023,122,Fine Particulate Matter (PM2.5),Mean,UHF42,Neighborhood (UHF 42),502,Stapleton - St. George,Annual Average 2016,6.8,,
410857,365,3,104,2023,122,Fine Particulate Matter (PM2.5),Mean,UHF42,Neighborhood (UHF 42),503,Willowbrook,Annual Average 2016,7.1,,
410860,365,3,104,2023,122,Fine Particulate Matter (PM2.5),Mean,UHF42,Neighborhood (UHF 42),504,South Beach - Tottenville,Annual Average 2016,6.59,,
410863,365,4,104,2023,122,Fine Particulate Matter (PM2.5),Mean,UHF34,Neighborhood (UHF 34),101,Kingsbridge - Riverdale,Annual Average 2016,7.5,,
410866,365,4,104,2023,122,Fine Particulate Matter (PM2.5),Mean,UHF34,Neighborhood (UHF 34),102,Northeast Bronx,Annual Average 2016,7.55,,
410869,365,4,104,2023,122,Fine Particulate Matter (PM2.5),Mean,UHF34,Neighborhood (UHF 34),103,Fordham - Bronx Pk,Annual Average 2016,7.57,,
410872,365,4,104,2023,122,Fine Particulate Matter (PM2.5),Mean,UHF34,Neighborhood (UHF 34),104,Pelham - Throgs Neck,Annual Average 2016,7.5,,
410875,365,4,104,2023,122,Fine Particulate Matter (PM2.5),Mean,UHF34,Neighborhood (UHF 34),201,Greenpoint,Annual Average 2016,9.46,,
410878,365,4,104,2023,122,Fine Particulate Matter (PM2.5),Mean,UHF34,Neighborhood (UHF 34),202,Downtown - Heights - Slope,Annual Average 2016,8.86,,
410881,365,4,104,2023,122,Fine Particulate Matter (PM2.5),Mean,UHF34,Neighborhood (UHF 34),203,Bedford Stuyvesant - Crown Heights,Annual Average 2016,7.94,,
410884,365,4,104,2023,122,Fine Particulate Matter (PM2.5),Mean,UHF34,Neighborhood (UHF 34),204,East New York,Annual Average 2016,7.8,,
410887,365,4,104,2023,122,Fine Particulate Matter (PM2.5),Mean,UHF34,Neighborhood (UHF 34),205,Sunset Park,Annual Average 2016,8.4,,
410890,365,4,104,2023,122,Fine Particulate Matter (PM2.5),Mean,UHF34,Neighborhood (UHF 34),206,Borough Park,Annual Average 2016,7.45,,
410893,365,4,104,2023,122,Fine Particulate Matter (PM2.5),Mean,UHF34,Neighborhood (UHF 34),207,East Flatbush - Flatbush,Annual Average 2016,7.64,,
410896,365,4,104,2023,122,Fine Particulate Matter (PM2.5),Mean,UHF34,Neighborhood (UHF 34),208,Canarsie - Flatlands,Annual Average 2016,7.12,,
410899,365,4,104,2023,122,Fine Particulate Matter (PM2.5),Mean,UHF34,Neighborhood (UHF 34),209,Bensonhurst - Bay Ridge,Annual Average 2016,7.11,,
410902,365,4,104,2023,122,Fine Particulate Matter (PM2.5),Mean,UHF34,Neighborhood (UHF 34),210,Coney Island - Sheepshead Bay,Annual Average 2016,6.75,,
410905,365,4,104,2023,122,Fine Particulate Matter (PM2.5),Mean,UHF34,Neighborhood (UHF 34),211,Williamsburg - Bushwick,Annual Average 2016,8.67,,
410908,365,4,104,2023,122,Fine Particulate Matter (PM2.5),Mean,UHF34,Neighborhood (UHF 34),301,Washington Heights,Annual Average 2016,7.81,,
410911,365,4,104,2023,122,Fine Particulate Matter (PM2.5),Mean,UHF34,Neighborhood (UHF 34),302,Central Harlem - Morningside Heights,Annual Average 2016,7.95,,
410914,365,4,104,2023,122,Fine Particulate Matter (PM2.5),Mean,UHF34,Neighborhood (UHF 34),303,East Harlem,Annual Average 2016,8.19,,
410917,365,4,104,2023,122,Fine Particulate Matter (PM2.5),Mean,UHF34,Neighborhood (UHF 34),304,Upper West Side,Annual Average 2016,8.49,,
410920,365,4,104,2023,122,Fine Particulate Matter (PM2.5),Mean,UHF34,Neighborhood (UHF 34),401,Long Island City - Astoria,Annual Average 2016,8.65,,
410923,365,4,104,2023,122,Fine Particulate Matter (PM2.5),Mean,UHF34,Neighborhood (UHF 34),402,West Queens,Annual Average 2016,8.14,,
410926,365,4,104,2023,122,Fine Particulate Matter (PM2.5),Mean,UHF34,Neighborhood (UHF 34),403,Flushing - Clearview,Annual Average 2016,7.22,,
410929,365,4,104,2023,122,Fine Particulate Matter (PM2.5),Mean,UHF34,Neighborhood (UHF 34),405,Ridgewood - Forest Hills,Annual Average 2016,7.56,,
410932,365,4,104,2023,122,Fine Particulate Matter (PM2.5),Mean,UHF34,Neighborhood (UHF 34),407,Southwest Queens,Annual Average 2016,7.02,,
410935,365,4,104,2023,122,Fine Particulate Matter (PM2.5),Mean,UHF34,Neighborhood (UHF 34),408,Jamaica,Annual Average 2016,6.99,,
410938,365,4,104,2023,122,Fine Particulate Matter (PM2.5),Mean,UHF34,Neighborhood (UHF 34),409,Southeast Queens,Annual Average 2016,6.51,,
410941,365,4,104,2023,122,Fine Particulate Matter (PM2.5),Mean,UHF34,Neighborhood (UHF 34),410,Rockaways,Annual Average 2016,5.98,,
410944,365,4,104,2023,122,Fine Particulate Matter (PM2.5),Mean,UHF34,Neighborhood (UHF 34),305307,Upper East Side-Gramercy,Annual Average 2016,9.86,,
410947,365,4,104,2023,122,Fine Particulate Matter (PM2.5),Mean,UHF34,Neighborhood (UHF 34),306308,Chelsea-Village  ,Annual Average 2016,10.05,,
410950,365,4,104,2023,122,Fine Particulate Matter (PM2.5),Mean,UHF34,Neighborhood (UHF 34),309310,Union Square-Lower Manhattan,Annual Average 2016,9.18,,
410953,365,4,104,2023,122,Fine Particulate Matter (PM2.5),Mean,UHF34,Neighborhood (UHF 34),404406,Bayside Little Neck-Fresh Meadows,Annual Average 2016,6.94,,
410956,365,4,104,2023,122,Fine Particulate Matter (PM2.5),Mean,UHF34,Neighborhood (UHF 34),501502,Northern SI,Annual Average 2016,6.97,,
410959,365,4,104,2023,122,Fine Particulate Matter (PM2.5),Mean,UHF34,Neighborhood (UHF 34),503504,Southern SI,Annual Average 2016,6.78,,
410962,365,4,104,2023,122,Fine Particulate Matter (PM2.5),Mean,UHF34,Neighborhood (UHF 34),105106107,South Bronx,Annual Average 2016,8.21,,
410968,365,17,104,2023,122,Fine Particulate Matter (PM2.5),Mean,CD,Neighborhood (community district),101,Financial District (CD1),Annual Average 2016,9.56,,
410971,365,17,104,2023,122,Fine Particulate Matter (PM2.5),Mean,CD,Neighborhood (community district),102,Greenwich Village and Soho (CD2),Annual Average 2016,9.53,,
410974,365,17,104,2023,122,Fine Particulate Matter (PM2.5),Mean,CD,Neighborhood (community district),103,Lower East Side and Chinatown (CD3),Annual Average 2016,8.9,,
410977,365,17,104,2023,122,Fine Particulate Matter (PM2.5),Mean,CD,Neighborhood (community district),104,Clinton and Chelsea (CD4),Annual Average 2016,9.76,,
410980,365,17,104,2023,122,Fine Particulate Matter (PM2.5),Mean,CD,Neighborhood (community district),105,Midtown (CD5),Annual Average 2016,11.34,,
410983,365,17,104,2023,122,Fine Particulate Matter (PM2.5),Mean,CD,Neighborhood (community district),106,Stuyvesant Town and Turtle Bay (CD6),Annual Average 2016,10.21,,
410986,365,17,104,2023,122,Fine Particulate Matter (PM2.5),Mean,CD,Neighborhood (community district),107,Upper West Side (CD7),Annual Average 2016,8.49,,
410989,365,17,104,2023,122,Fine Particulate Matter (PM2.5),Mean,CD,Neighborhood (community district),108,Upper East Side (CD8),Annual Average 2016,9.1,,
410992,365,17,104,2023,122,Fine Particulate Matter (PM2.5),Mean,CD,Neighborhood (community district),109,Morningside Heights and Hamilton Heights (CD9),Annual Average 2016,8.01,,
410995,365,17,104,2023,122,Fine Particulate Matter (PM2.5),Mean,CD,Neighborhood (community district),110,Central Harlem (CD10),Annual Average 2016,7.89,,
410998,365,17,104,2023,122,Fine Particulate Matter (PM2.5),Mean,CD,Neighborhood (community district),111,East Harlem (CD11),Annual Average 2016,8.17,,
411001,365,17,104,2023,122,Fine Particulate Matter (PM2.5),Mean,CD,Neighborhood (community district),112,Washington Heights and Inwood (CD12),Annual Average 2016,7.79,,
411004,365,17,104,2023,122,Fine Particulate Matter (PM2.5),Mean,CD,Neighborhood (community district),201,Mott Haven and Melrose (CD1),Annual Average 2016,8.55,,
411007,365,17,104,2023,122,Fine Particulate Matter (PM2.5),Mean,CD,Neighborhood (community district),202,Hunts Point and Longwood (CD2),Annual Average 2016,8.49,,
411010,365,17,104,2023,122,Fine Particulate Matter (PM2.5),Mean,CD,Neighborhood (community district),203,Morrisania and Crotona (CD3),Annual Average 2016,7.85,,
411013,365,17,104,2023,122,Fine Particulate Matter (PM2.5),Mean,CD,Neighborhood (community district),204,Highbridge and Concourse (CD4),Annual Average 2016,8.25,,
411016,365,17,104,2023,122,Fine Particulate Matter (PM2.5),Mean,CD,Neighborhood (community district),205,Fordham and University Heights (CD5),Annual Average 2016,8.34,,
411019,365,17,104,2023,122,Fine Particulate Matter (PM2.5),Mean,CD,Neighborhood (community district),206,Belmont and East Tremont (CD6),Annual Average 2016,7.96,,
411022,365,17,104,2023,122,Fine Particulate Matter (PM2.5),Mean,CD,Neighborhood (community district),207,Kingsbridge Heights and Bedford (CD7),Annual Average 2016,7.78,,
411025,365,17,104,2023,122,Fine Particulate Matter (PM2.5),Mean,CD,Neighborhood (community district),208,Riverdale and Fieldston (CD8),Annual Average 2016,7.49,,
411028,365,17,104,2023,122,Fine Particulate Matter (PM2.5),Mean,CD,Neighborhood (community district),209,Parkchester and Soundview (CD9),Annual Average 2016,7.6,,
411031,365,17,104,2023,122,Fine Particulate Matter (PM2.5),Mean,CD,Neighborhood (community district),210,Throgs Neck and Co-op City (CD10),Annual Average 2016,7.51,,
411034,365,17,104,2023,122,Fine Particulate Matter (PM2.5),Mean,CD,Neighborhood (community district),211,Morris Park and Bronxdale (CD11),Annual Average 2016,7.4,,
411037,365,17,104,2023,122,Fine Particulate Matter (PM2.5),Mean,CD,Neighborhood (community district),212,Williamsbridge and Baychester (CD12),Annual Average 2016,7.46,,
411040,365,17,104,2023,122,Fine Particulate Matter (PM2.5),Mean,CD,Neighborhood (community district),301,Greenpoint and Williamsburg (CD1),Annual Average 2016,9.55,,
411043,365,17,104,2023,122,Fine Particulate Matter (PM2.5),Mean,CD,Neighborhood (community district),302,Fort Greene and Brooklyn Heights (CD2),Annual Average 2016,8.83,,
411046,365,17,104,2023,122,Fine Particulate Matter (PM2.5),Mean,CD,Neighborhood (community district),303,Bedford Stuyvesant (CD3),Annual Average 2016,8.09,,
411049,365,17,104,2023,122,Fine Particulate Matter (PM2.5),Mean,CD,Neighborhood (community district),304,Bushwick (CD4),Annual Average 2016,8.07,,
411052,365,17,104,2023,122,Fine Particulate Matter (PM2.5),Mean,CD,Neighborhood (community district),305,East New York and Starrett City (CD5),Annual Average 2016,7.73,,
411055,365,17,104,2023,122,Fine Particulate Matter (PM2.5),Mean,CD,Neighborhood (community district),306,Park Slope and Carroll Gardens (CD6),Annual Average 2016,8.86,,
411058,365,17,104,2023,122,Fine Particulate Matter (PM2.5),Mean,CD,Neighborhood (community district),307,Sunset Park (CD7),Annual Average 2016,8.52,,
411061,365,17,104,2023,122,Fine Particulate Matter (PM2.5),Mean,CD,Neighborhood (community district),308,Crown Heights and Prospect Heights (CD8),Annual Average 2016,7.98,,
411064,365,17,104,2023,122,Fine Particulate Matter (PM2.5),Mean,CD,Neighborhood (community district),309,South Crown Heights and Lefferts Gardens (CD9),Annual Average 2016,7.77,,
411067,365,17,104,2023,122,Fine Particulate Matter (PM2.5),Mean,CD,Neighborhood (community district),310,Bay Ridge and Dyker Heights (CD10),Annual Average 2016,7.39,,
411070,365,17,104,2023,122,Fine Particulate Matter (PM2.5),Mean,CD,Neighborhood (community district),311,Bensonhurst (CD11),Annual Average 2016,7.03,,
411073,365,17,104,2023,122,Fine Particulate Matter (PM2.5),Mean,CD,Neighborhood (community district),312,Borough Park (CD12),Annual Average 2016,7.49,,
411076,365,17,104,2023,122,Fine Particulate Matter (PM2.5),Mean,CD,Neighborhood (community district),313,Coney Island (CD13),Annual Average 2016,6.65,,
411079,365,17,104,2023,122,Fine Particulate Matter (PM2.5),Mean,CD,Neighborhood (community district),314,Flatbush and Midwood (CD14),Annual Average 2016,7.45,,
411082,365,17,104,2023,122,Fine Particulate Matter (PM2.5),Mean,CD,Neighborhood (community district),315,Sheepshead Bay (CD15),Annual Average 2016,6.78,,
411085,365,17,104,2023,122,Fine Particulate Matter (PM2.5),Mean,CD,Neighborhood (community district),316,Brownsville (CD16),Annual Average 2016,7.97,,
411088,365,17,104,2023,122,Fine Particulate Matter (PM2.5),Mean,CD,Neighborhood (community district),317,East Flatbush (CD17),Annual Average 2016,7.79,,
411091,365,17,104,2023,122,Fine Particulate Matter (PM2.5),Mean,CD,Neighborhood (community district),318,Flatlands and Canarsie (CD18),Annual Average 2016,7.08,,
411094,365,17,104,2023,122,Fine Particulate Matter (PM2.5),Mean,CD,Neighborhood (community district),401,Long Island City and Astoria (CD1),Annual Average 2016,7.82,,
411097,365,17,104,2023,122,Fine Particulate Matter (PM2.5),Mean,CD,Neighborhood (community district),402,Woodside and Sunnyside (CD2),Annual Average 2016,9.27,,
411100,365,17,104,2023,122,Fine Particulate Matter (PM2.5),Mean,CD,Neighborhood (community district),403,Jackson Heights (CD3),Annual Average 2016,7.27,,
411103,365,17,104,2023,122,Fine Particulate Matter (PM2.5),Mean,CD,Neighborhood (community district),404,Elmhurst and Corona (CD4),Annual Average 2016,7.71,,
411106,365,17,104,2023,122,Fine Particulate Matter (PM2.5),Mean,CD,Neighborhood (community district),405,Ridgewood and Maspeth (CD5),Annual Average 2016,7.97,,
411109,365,17,104,2023,122,Fine Particulate Matter (PM2.5),Mean,CD,Neighborhood (community district),406,Rego Park and Forest Hills (CD6),Annual Average 2016,7.5,,
411112,365,17,104,2023,122,Fine Particulate Matter (PM2.5),Mean,CD,Neighborhood (community district),407,Flushing and Whitestone (CD7),Annual Average 2016,7.26,,
411115,365,17,104,2023,122,Fine Particulate Matter (PM2.5),Mean,CD,Neighborhood (community district),408,Hillcrest and Fresh Meadows (CD8),Annual Average 2016,7.01,,
411118,365,17,104,2023,122,Fine Particulate Matter (PM2.5),Mean,CD,Neighborhood (community district),409,Kew Gardens and Woodhaven (CD9),Annual Average 2016,7.29,,
411121,365,17,104,2023,122,Fine Particulate Matter (PM2.5),Mean,CD,Neighborhood (community district),410,South Ozone Park and Howard Beach (CD10),Annual Average 2016,6.85,,
411124,365,17,104,2023,122,Fine Particulate Matter (PM2.5),Mean,CD,Neighborhood (community district),411,Bayside and Little Neck (CD11),Annual Average 2016,6.87,,
411127,365,17,104,2023,122,Fine Particulate Matter (PM2.5),Mean,CD,Neighborhood (community district),412,Jamaica and Hollis (CD12),Annual Average 2016,6.98,,
411130,365,17,104,2023,122,Fine Particulate Matter (PM2.5),Mean,CD,Neighborhood (community district),413,Queens Village (CD13),Annual Average 2016,6.53,,
411133,365,17,104,2023,122,Fine Particulate Matter (PM2.5),Mean,CD,Neighborhood (community district),414,Rockaway and Broad Channel (CD14),Annual Average 2016,5.98,,
411136,365,17,104,2023,122,Fine Particulate Matter (PM2.5),Mean,CD,Neighborhood (community district),501,St. George and Stapleton (CD1),Annual Average 2016,7.11,,
411139,365,17,104,2023,122,Fine Particulate Matter (PM2.5),Mean,CD,Neighborhood (community district),502,South Beach and Willowbrook (CD2),Annual Average 2016,6.89,,
411142,365,17,104,2023,122,Fine Particulate Matter (PM2.5),Mean,CD,Neighborhood (community district),503,Tottenville and Great Kills (CD3),Annual Average 2016,6.62,,
410965,365,6,104,2023,122,Fine Particulate Matter (PM2.5),Mean,Citywide,Citywide,1,New York City,Annual Average 2016,7.45,,
494962,370,1,104,2024,122,Black Carbon,Mean,Borough,Borough,1,Bronx,Annual Average 2016,0.92,,
494965,370,1,104,2024,122,Black Carbon,Mean,Borough,Borough,2,Brooklyn,Annual Average 2016,0.83,,
494968,370,1,104,2024,122,Black Carbon,Mean,Borough,Borough,3,Manhattan,Annual Average 2016,1.24,,
494971,370,1,104,2024,122,Black Carbon,Mean,Borough,Borough,4,Queens,Annual Average 2016,0.78,,
494974,370,1,104,2024,122,Black Carbon,Mean,Borough,Borough,5,Staten Island,Annual Average 2016,0.67,,
494977,370,3,104,2024,122,Black Carbon,Mean,UHF42,Neighborhood (UHF 42),101,Kingsbridge - Riverdale,Annual Average 2016,0.81,,
494980,370,3,104,2024,122,Black Carbon,Mean,UHF42,Neighborhood (UHF 42),102,Northeast Bronx,Annual Average 2016,0.85,,
494983,370,3,104,2024,122,Black Carbon,Mean,UHF42,Neighborhood (UHF 42),103,Fordham - Bronx Pk,Annual Average 2016,0.87,,
494986,370,3,104,2024,122,Black Carbon,Mean,UHF42,Neighborhood (UHF 42),104,Pelham - Throgs Neck,Annual Average 2016,0.88,,
494989,370,3,104,2024,122,Black Carbon,Mean,UHF42,Neighborhood (UHF 42),105,Crotona -Tremont,Annual Average 2016,1.07,,
494992,370,3,104,2024,122,Black Carbon,Mean,UHF42,Neighborhood (UHF 42),106,High Bridge - Morrisania,Annual Average 2016,1.03,,
494995,370,3,104,2024,122,Black Carbon,Mean,UHF42,Neighborhood (UHF 42),107,Hunts Point - Mott Haven,Annual Average 2016,1.03,,
494998,370,3,104,2024,122,Black Carbon,Mean,UHF42,Neighborhood (UHF 42),201,Greenpoint,Annual Average 2016,1.21,,
495001,370,3,104,2024,122,Black Carbon,Mean,UHF42,Neighborhood (UHF 42),202,Downtown - Heights - Slope,Annual Average 2016,1.05,,
495004,370,3,104,2024,122,Black Carbon,Mean,UHF42,Neighborhood (UHF 42),203,Bedford Stuyvesant - Crown Heights,Annual Average 2016,0.84,,
495007,370,3,104,2024,122,Black Carbon,Mean,UHF42,Neighborhood (UHF 42),204,East New York,Annual Average 2016,0.84,,
495010,370,3,104,2024,122,Black Carbon,Mean,UHF42,Neighborhood (UHF 42),205,Sunset Park,Annual Average 2016,0.98,,
495013,370,3,104,2024,122,Black Carbon,Mean,UHF42,Neighborhood (UHF 42),206,Borough Park,Annual Average 2016,0.74,,
495016,370,3,104,2024,122,Black Carbon,Mean,UHF42,Neighborhood (UHF 42),207,East Flatbush - Flatbush,Annual Average 2016,0.78,,
495019,370,3,104,2024,122,Black Carbon,Mean,UHF42,Neighborhood (UHF 42),208,Canarsie - Flatlands,Annual Average 2016,0.69,,
495022,370,3,104,2024,122,Black Carbon,Mean,UHF42,Neighborhood (UHF 42),209,Bensonhurst - Bay Ridge,Annual Average 2016,0.75,,
495025,370,3,104,2024,122,Black Carbon,Mean,UHF42,Neighborhood (UHF 42),210,Coney Island - Sheepshead Bay,Annual Average 2016,0.66,,
495028,370,3,104,2024,122,Black Carbon,Mean,UHF42,Neighborhood (UHF 42),211,Williamsburg - Bushwick,Annual Average 2016,0.99,,
495031,370,3,104,2024,122,Black Carbon,Mean,UHF42,Neighborhood (UHF 42),301,Washington Heights,Annual Average 2016,1.01,,
495034,370,3,104,2024,122,Black Carbon,Mean,UHF42,Neighborhood (UHF 42),302,Central Harlem - Morningside Heights,Annual Average 2016,1.07,,
495037,370,3,104,2024,122,Black Carbon,Mean,UHF42,Neighborhood (UHF 42),303,East Harlem,Annual Average 2016,1.1,,
495040,370,3,104,2024,122,Black Carbon,Mean,UHF42,Neighborhood (UHF 42),304,Upper West Side,Annual Average 2016,1.14,,
495043,370,3,104,2024,122,Black Carbon,Mean,UHF42,Neighborhood (UHF 42),305,Upper East Side,Annual Average 2016,1.33,,
495046,370,3,104,2024,122,Black Carbon,Mean,UHF42,Neighborhood (UHF 42),306,Chelsea - Clinton,Annual Average 2016,1.49,,
495049,370,3,104,2024,122,Black Carbon,Mean,UHF42,Neighborhood (UHF 42),307,Gramercy Park - Murray Hill,Annual Average 2016,1.48,,
495052,370,3,104,2024,122,Black Carbon,Mean,UHF42,Neighborhood (UHF 42),308,Greenwich Village - SoHo,Annual Average 2016,1.5,,
495055,370,3,104,2024,122,Black Carbon,Mean,UHF42,Neighborhood (UHF 42),309,Union Square - Lower East Side,Annual Average 2016,1.29,,
495058,370,3,104,2024,122,Black Carbon,Mean,UHF42,Neighborhood (UHF 42),310,Lower Manhattan,Annual Average 2016,1.08,,
495061,370,3,104,2024,122,Black Carbon,Mean,UHF42,Neighborhood (UHF 42),401,Long Island City - Astoria,Annual Average 2016,1.08,,
495064,370,3,104,2024,122,Black Carbon,Mean,UHF42,Neighborhood (UHF 42),402,West Queens,Annual Average 2016,0.96,,
495067,370,3,104,2024,122,Black Carbon,Mean,UHF42,Neighborhood (UHF 42),403,Flushing - Clearview,Annual Average 2016,0.79,,
495070,370,3,104,2024,122,Black Carbon,Mean,UHF42,Neighborhood (UHF 42),404,Bayside - Little Neck,Annual Average 2016,0.77,,
495073,370,3,104,2024,122,Black Carbon,Mean,UHF42,Neighborhood (UHF 42),405,Ridgewood - Forest Hills,Annual Average 2016,0.79,,
495076,370,3,104,2024,122,Black Carbon,Mean,UHF42,Neighborhood (UHF 42),406,Fresh Meadows,Annual Average 2016,0.77,,
495079,370,3,104,2024,122,Black Carbon,Mean,UHF42,Neighborhood (UHF 42),407,Southwest Queens,Annual Average 2016,0.72,,
495082,370,3,104,2024,122,Black Carbon,Mean,UHF42,Neighborhood (UHF 42),408,Jamaica,Annual Average 2016,0.76,,
495085,370,3,104,2024,122,Black Carbon,Mean,UHF42,Neighborhood (UHF 42),409,Southeast Queens,Annual Average 2016,0.67,,
495088,370,3,104,2024,122,Black Carbon,Mean,UHF42,Neighborhood (UHF 42),410,Rockaways,Annual Average 2016,0.56,,
495091,370,3,104,2024,122,Black Carbon,Mean,UHF42,Neighborhood (UHF 42),501,Port Richmond,Annual Average 2016,0.75,,
495094,370,3,104,2024,122,Black Carbon,Mean,UHF42,Neighborhood (UHF 42),502,Stapleton - St. George,Annual Average 2016,0.67,,
495097,370,3,104,2024,122,Black Carbon,Mean,UHF42,Neighborhood (UHF 42),503,Willowbrook,Annual Average 2016,0.73,,
495100,370,3,104,2024,122,Black Carbon,Mean,UHF42,Neighborhood (UHF 42),504,South Beach - Tottenville,Annual Average 2016,0.62,,
495103,370,4,104,2024,122,Black Carbon,Mean,UHF34,Neighborhood (UHF 34),101,Kingsbridge - Riverdale,Annual Average 2016,0.81,,
495106,370,4,104,2024,122,Black Carbon,Mean,UHF34,Neighborhood (UHF 34),102,Northeast Bronx,Annual Average 2016,0.85,,
495109,370,4,104,2024,122,Black Carbon,Mean,UHF34,Neighborhood (UHF 34),103,Fordham - Bronx Pk,Annual Average 2016,0.87,,
495112,370,4,104,2024,122,Black Carbon,Mean,UHF34,Neighborhood (UHF 34),104,Pelham - Throgs Neck,Annual Average 2016,0.88,,
495115,370,4,104,2024,122,Black Carbon,Mean,UHF34,Neighborhood (UHF 34),201,Greenpoint,Annual Average 2016,1.21,,
495118,370,4,104,2024,122,Black Carbon,Mean,UHF34,Neighborhood (UHF 34),202,Downtown - Heights - Slope,Annual Average 2016,1.05,,
495121,370,4,104,2024,122,Black Carbon,Mean,UHF34,Neighborhood (UHF 34),203,Bedford Stuyvesant - Crown Heights,Annual Average 2016,0.84,,
495124,370,4,104,2024,122,Black Carbon,Mean,UHF34,Neighborhood (UHF 34),204,East New York,Annual Average 2016,0.84,,
495127,370,4,104,2024,122,Black Carbon,Mean,UHF34,Neighborhood (UHF 34),205,Sunset Park,Annual Average 2016,0.98,,
495130,370,4,104,2024,122,Black Carbon,Mean,UHF34,Neighborhood (UHF 34),206,Borough Park,Annual Average 2016,0.74,,
495133,370,4,104,2024,122,Black Carbon,Mean,UHF34,Neighborhood (UHF 34),207,East Flatbush - Flatbush,Annual Average 2016,0.78,,
495136,370,4,104,2024,122,Black Carbon,Mean,UHF34,Neighborhood (UHF 34),208,Canarsie - Flatlands,Annual Average 2016,0.69,,
495139,370,4,104,2024,122,Black Carbon,Mean,UHF34,Neighborhood (UHF 34),209,Bensonhurst - Bay Ridge,Annual Average 2016,0.75,,
495142,370,4,104,2024,122,Black Carbon,Mean,UHF34,Neighborhood (UHF 34),210,Coney Island - Sheepshead Bay,Annual Average 2016,0.66,,
495145,370,4,104,2024,122,Black Carbon,Mean,UHF34,Neighborhood (UHF 34),211,Williamsburg - Bushwick,Annual Average 2016,0.99,,
495148,370,4,104,2024,122,Black Carbon,Mean,UHF34,Neighborhood (UHF 34),301,Washington Heights,Annual Average 2016,1.01,,
495151,370,4,104,2024,122,Black Carbon,Mean,UHF34,Neighborhood (UHF 34),302,Central Harlem - Morningside Heights,Annual Average 2016,1.07,,
495154,370,4,104,2024,122,Black Carbon,Mean,UHF34,Neighborhood (UHF 34),303,East Harlem,Annual Average 2016,1.1,,
495157,370,4,104,2024,122,Black Carbon,Mean,UHF34,Neighborhood (UHF 34),304,Upper West Side,Annual Average 2016,1.14,,
495160,370,4,104,2024,122,Black Carbon,Mean,UHF34,Neighborhood (UHF 34),401,Long Island City - Astoria,Annual Average 2016,1.08,,
495163,370,4,104,2024,122,Black Carbon,Mean,UHF34,Neighborhood (UHF 34),402,West Queens,Annual Average 2016,0.96,,
495166,370,4,104,2024,122,Black Carbon,Mean,UHF34,Neighborhood (UHF 34),403,Flushing - Clearview,Annual Average 2016,0.79,,
495169,370,4,104,2024,122,Black Carbon,Mean,UHF34,Neighborhood (UHF 34),405,Ridgewood - Forest Hills,Annual Average 2016,0.79,,
495172,370,4,104,2024,122,Black Carbon,Mean,UHF34,Neighborhood (UHF 34),407,Southwest Queens,Annual Average 2016,0.72,,
495175,370,4,104,2024,122,Black Carbon,Mean,UHF34,Neighborhood (UHF 34),408,Jamaica,Annual Average 2016,0.76,,
495178,370,4,104,2024,122,Black Carbon,Mean,UHF34,Neighborhood (UHF 34),409,Southeast Queens,Annual Average 2016,0.67,,
495181,370,4,104,2024,122,Black Carbon,Mean,UHF34,Neighborhood (UHF 34),410,Rockaways,Annual Average 2016,0.56,,
495184,370,4,104,2024,122,Black Carbon,Mean,UHF34,Neighborhood (UHF 34),305307,Upper East Side-Gramercy,Annual Average 2016,1.4,,
495187,370,4,104,2024,122,Black Carbon,Mean,UHF34,Neighborhood (UHF 34),306308,Chelsea-Village  ,Annual Average 2016,1.49,,
495190,370,4,104,2024,122,Black Carbon,Mean,UHF34,Neighborhood (UHF 34),309310,Union Square-Lower Manhattan,Annual Average 2016,1.23,,
495193,370,4,104,2024,122,Black Carbon,Mean,UHF34,Neighborhood (UHF 34),404406,Bayside Little Neck-Fresh Meadows,Annual Average 2016,0.77,,
495196,370,4,104,2024,122,Black Carbon,Mean,UHF34,Neighborhood (UHF 34),501502,Northern SI,Annual Average 2016,0.69,,
495199,370,4,104,2024,122,Black Carbon,Mean,UHF34,Neighborhood (UHF 34),503504,Southern SI,Annual Average 2016,0.66,,
495202,370,4,104,2024,122,Black Carbon,Mean,UHF34,Neighborhood (UHF 34),105106107,South Bronx,Annual Average 2016,1.04,,
495205,370,6,104,2024,122,Black Carbon,Mean,Citywide,Citywide,1,New York City,Annual Average 2016,0.82,,
495208,370,17,104,2024,122,Black Carbon,Mean,CD,Neighborhood (community district),101,Financial District (CD1),Annual Average 2016,1.15,,
495211,370,17,104,2024,122,Black Carbon,Mean,CD,Neighborhood (community district),102,Greenwich Village and Soho (CD2),Annual Average 2016,1.53,,
495214,370,17,104,2024,122,Black Carbon,Mean,CD,Neighborhood (community district),103,Lower East Side and Chinatown (CD3),Annual Average 2016,1.29,,
495217,370,17,104,2024,122,Black Carbon,Mean,CD,Neighborhood (community district),104,Clinton and Chelsea (CD4),Annual Average 2016,1.39,,
495220,370,17,104,2024,122,Black Carbon,Mean,CD,Neighborhood (community district),105,Midtown (CD5),Annual Average 2016,1.61,,
495223,370,17,104,2024,122,Black Carbon,Mean,CD,Neighborhood (community district),106,Stuyvesant Town and Turtle Bay (CD6),Annual Average 2016,1.37,,
495226,370,17,104,2024,122,Black Carbon,Mean,CD,Neighborhood (community district),107,Upper West Side (CD7),Annual Average 2016,1.14,,
495229,370,17,104,2024,122,Black Carbon,Mean,CD,Neighborhood (community district),108,Upper East Side (CD8),Annual Average 2016,1.33,,
495232,370,17,104,2024,122,Black Carbon,Mean,CD,Neighborhood (community district),109,Morningside Heights and Hamilton Heights (CD9),Annual Average 2016,1.03,,
495235,370,17,104,2024,122,Black Carbon,Mean,CD,Neighborhood (community district),110,Central Harlem (CD10),Annual Average 2016,1.09,,
495238,370,17,104,2024,122,Black Carbon,Mean,CD,Neighborhood (community district),111,East Harlem (CD11),Annual Average 2016,1.1,,
495241,370,17,104,2024,122,Black Carbon,Mean,CD,Neighborhood (community district),112,Washington Heights and Inwood (CD12),Annual Average 2016,1,,
495244,370,17,104,2024,122,Black Carbon,Mean,CD,Neighborhood (community district),201,Mott Haven and Melrose (CD1),Annual Average 2016,1.12,,
495247,370,17,104,2024,122,Black Carbon,Mean,CD,Neighborhood (community district),202,Hunts Point and Longwood (CD2),Annual Average 2016,1.08,,
495250,370,17,104,2024,122,Black Carbon,Mean,CD,Neighborhood (community district),203,Morrisania and Crotona (CD3),Annual Average 2016,0.97,,
495253,370,17,104,2024,122,Black Carbon,Mean,CD,Neighborhood (community district),204,Highbridge and Concourse (CD4),Annual Average 2016,1.07,,
495256,370,17,104,2024,122,Black Carbon,Mean,CD,Neighborhood (community district),205,Fordham and University Heights (CD5),Annual Average 2016,1.12,,
495259,370,17,104,2024,122,Black Carbon,Mean,CD,Neighborhood (community district),206,Belmont and East Tremont (CD6),Annual Average 2016,1.01,,
495262,370,17,104,2024,122,Black Carbon,Mean,CD,Neighborhood (community district),207,Kingsbridge Heights and Bedford (CD7),Annual Average 2016,0.92,,
495265,370,17,104,2024,122,Black Carbon,Mean,CD,Neighborhood (community district),208,Riverdale and Fieldston (CD8),Annual Average 2016,0.81,,
495268,370,17,104,2024,122,Black Carbon,Mean,CD,Neighborhood (community district),209,Parkchester and Soundview (CD9),Annual Average 2016,0.9,,
495271,370,17,104,2024,122,Black Carbon,Mean,CD,Neighborhood (community district),210,Throgs Neck and Co-op City (CD10),Annual Average 2016,0.88,,
495274,370,17,104,2024,122,Black Carbon,Mean,CD,Neighborhood (community district),211,Morris Park and Bronxdale (CD11),Annual Average 2016,0.83,,
495277,370,17,104,2024,122,Black Carbon,Mean,CD,Neighborhood (community district),212,Williamsbridge and Baychester (CD12),Annual Average 2016,0.82,,
495280,370,17,104,2024,122,Black Carbon,Mean,CD,Neighborhood (community district),301,Greenpoint and Williamsburg (CD1),Annual Average 2016,1.22,,
495283,370,17,104,2024,122,Black Carbon,Mean,CD,Neighborhood (community district),302,Fort Greene and Brooklyn Heights (CD2),Annual Average 2016,1.04,,
495286,370,17,104,2024,122,Black Carbon,Mean,CD,Neighborhood (community district),303,Bedford Stuyvesant (CD3),Annual Average 2016,0.83,,
495289,370,17,104,2024,122,Black Carbon,Mean,CD,Neighborhood (community district),304,Bushwick (CD4),Annual Average 2016,0.87,,
495292,370,17,104,2024,122,Black Carbon,Mean,CD,Neighborhood (community district),305,East New York and Starrett City (CD5),Annual Average 2016,0.83,,
495295,370,17,104,2024,122,Black Carbon,Mean,CD,Neighborhood (community district),306,Park Slope and Carroll Gardens (CD6),Annual Average 2016,1.06,,
495298,370,17,104,2024,122,Black Carbon,Mean,CD,Neighborhood (community district),307,Sunset Park (CD7),Annual Average 2016,0.99,,
495301,370,17,104,2024,122,Black Carbon,Mean,CD,Neighborhood (community district),308,Crown Heights and Prospect Heights (CD8),Annual Average 2016,0.87,,
495304,370,17,104,2024,122,Black Carbon,Mean,CD,Neighborhood (community district),309,South Crown Heights and Lefferts Gardens (CD9),Annual Average 2016,0.78,,
495307,370,17,104,2024,122,Black Carbon,Mean,CD,Neighborhood (community district),310,Bay Ridge and Dyker Heights (CD10),Annual Average 2016,0.81,,
495310,370,17,104,2024,122,Black Carbon,Mean,CD,Neighborhood (community district),311,Bensonhurst (CD11),Annual Average 2016,0.7,,
495313,370,17,104,2024,122,Black Carbon,Mean,CD,Neighborhood (community district),312,Borough Park (CD12),Annual Average 2016,0.74,,
495316,370,17,104,2024,122,Black Carbon,Mean,CD,Neighborhood (community district),313,Coney Island (CD13),Annual Average 2016,0.65,,
495319,370,17,104,2024,122,Black Carbon,Mean,CD,Neighborhood (community district),314,Flatbush and Midwood (CD14),Annual Average 2016,0.75,,
495322,370,17,104,2024,122,Black Carbon,Mean,CD,Neighborhood (community district),315,Sheepshead Bay (CD15),Annual Average 2016,0.67,,
495325,370,17,104,2024,122,Black Carbon,Mean,CD,Neighborhood (community district),316,Brownsville (CD16),Annual Average 2016,0.85,,
495328,370,17,104,2024,122,Black Carbon,Mean,CD,Neighborhood (community district),317,East Flatbush (CD17),Annual Average 2016,0.81,,
495331,370,17,104,2024,122,Black Carbon,Mean,CD,Neighborhood (community district),318,Flatlands and Canarsie (CD18),Annual Average 2016,0.68,,
495334,370,17,104,2024,122,Black Carbon,Mean,CD,Neighborhood (community district),401,Long Island City and Astoria (CD1),Annual Average 2016,0.88,,
495337,370,17,104,2024,122,Black Carbon,Mean,CD,Neighborhood (community district),402,Woodside and Sunnyside (CD2),Annual Average 2016,1.21,,
495340,370,17,104,2024,122,Black Carbon,Mean,CD,Neighborhood (community district),403,Jackson Heights (CD3),Annual Average 2016,0.77,,
495343,370,17,104,2024,122,Black Carbon,Mean,CD,Neighborhood (community district),404,Elmhurst and Corona (CD4),Annual Average 2016,0.87,,
495346,370,17,104,2024,122,Black Carbon,Mean,CD,Neighborhood (community district),405,Ridgewood and Maspeth (CD5),Annual Average 2016,0.86,,
495349,370,17,104,2024,122,Black Carbon,Mean,CD,Neighborhood (community district),406,Rego Park and Forest Hills (CD6),Annual Average 2016,0.83,,
495352,370,17,104,2024,122,Black Carbon,Mean,CD,Neighborhood (community district),407,Flushing and Whitestone (CD7),Annual Average 2016,0.8,,
495355,370,17,104,2024,122,Black Carbon,Mean,CD,Neighborhood (community district),408,Hillcrest and Fresh Meadows (CD8),Annual Average 2016,0.77,,
495358,370,17,104,2024,122,Black Carbon,Mean,CD,Neighborhood (community district),409,Kew Gardens and Woodhaven (CD9),Annual Average 2016,0.77,,
495361,370,17,104,2024,122,Black Carbon,Mean,CD,Neighborhood (community district),410,South Ozone Park and Howard Beach (CD10),Annual Average 2016,0.68,,
495364,370,17,104,2024,122,Black Carbon,Mean,CD,Neighborhood (community district),411,Bayside and Little Neck (CD11),Annual Average 2016,0.77,,
495367,370,17,104,2024,122,Black Carbon,Mean,CD,Neighborhood (community district),412,Jamaica and Hollis (CD12),Annual Average 2016,0.75,,
495370,370,17,104,2024,122,Black Carbon,Mean,CD,Neighborhood (community district),413,Queens Village (CD13),Annual Average 2016,0.68,,
495373,370,17,104,2024,122,Black Carbon,Mean,CD,Neighborhood (community district),414,Rockaway and Broad Channel (CD14),Annual Average 2016,0.56,,
495376,370,17,104,2024,122,Black Carbon,Mean,CD,Neighborhood (community district),501,St. George and Stapleton (CD1),Annual Average 2016,0.72,,
495379,370,17,104,2024,122,Black Carbon,Mean,CD,Neighborhood (community district),502,South Beach and Willowbrook (CD2),Annual Average 2016,0.69,,
495382,370,17,104,2024,122,Black Carbon,Mean,CD,Neighborhood (community district),503,Tottenville and Great Kills (CD3),Annual Average 2016,0.63,,
411989,386,1,104,2027,122,Ozone (O3),Mean,Borough,Borough,1,Bronx,Summer 2016,33.09,,
411990,386,1,104,2027,122,Ozone (O3),Mean,Borough,Borough,2,Brooklyn,Summer 2016,33.98,,
411991,386,1,104,2027,122,Ozone (O3),Mean,Borough,Borough,3,Manhattan,Summer 2016,30.3,,
411992,386,1,104,2027,122,Ozone (O3),Mean,Borough,Borough,4,Queens,Summer 2016,33.98,,
411993,386,1,104,2027,122,Ozone (O3),Mean,Borough,Borough,5,Staten Island,Summer 2016,35.11,,
411994,386,3,104,2027,122,Ozone (O3),Mean,UHF42,Neighborhood (UHF 42),101,Kingsbridge - Riverdale,Summer 2016,32.46,,
411995,386,3,104,2027,122,Ozone (O3),Mean,UHF42,Neighborhood (UHF 42),102,Northeast Bronx,Summer 2016,33.21,,
411996,386,3,104,2027,122,Ozone (O3),Mean,UHF42,Neighborhood (UHF 42),103,Fordham - Bronx Pk,Summer 2016,32.78,,
411997,386,3,104,2027,122,Ozone (O3),Mean,UHF42,Neighborhood (UHF 42),104,Pelham - Throgs Neck,Summer 2016,33.63,,
411998,386,3,104,2027,122,Ozone (O3),Mean,UHF42,Neighborhood (UHF 42),105,Crotona -Tremont,Summer 2016,32.31,,
411999,386,3,104,2027,122,Ozone (O3),Mean,UHF42,Neighborhood (UHF 42),106,High Bridge - Morrisania,Summer 2016,32.34,,
412000,386,3,104,2027,122,Ozone (O3),Mean,UHF42,Neighborhood (UHF 42),107,Hunts Point - Mott Haven,Summer 2016,33.57,,
412001,386,3,104,2027,122,Ozone (O3),Mean,UHF42,Neighborhood (UHF 42),201,Greenpoint,Summer 2016,32.96,,
412002,386,3,104,2027,122,Ozone (O3),Mean,UHF42,Neighborhood (UHF 42),202,Downtown - Heights - Slope,Summer 2016,31.98,,
412003,386,3,104,2027,122,Ozone (O3),Mean,UHF42,Neighborhood (UHF 42),203,Bedford Stuyvesant - Crown Heights,Summer 2016,32.98,,
412004,386,3,104,2027,122,Ozone (O3),Mean,UHF42,Neighborhood (UHF 42),204,East New York,Summer 2016,34.26,,
412005,386,3,104,2027,122,Ozone (O3),Mean,UHF42,Neighborhood (UHF 42),205,Sunset Park,Summer 2016,33.28,,
412006,386,3,104,2027,122,Ozone (O3),Mean,UHF42,Neighborhood (UHF 42),206,Borough Park,Summer 2016,33.54,,
412007,386,3,104,2027,122,Ozone (O3),Mean,UHF42,Neighborhood (UHF 42),207,East Flatbush - Flatbush,Summer 2016,33.66,,
412008,386,3,104,2027,122,Ozone (O3),Mean,UHF42,Neighborhood (UHF 42),208,Canarsie - Flatlands,Summer 2016,35.79,,
412009,386,3,104,2027,122,Ozone (O3),Mean,UHF42,Neighborhood (UHF 42),209,Bensonhurst - Bay Ridge,Summer 2016,34.25,,
412010,386,3,104,2027,122,Ozone (O3),Mean,UHF42,Neighborhood (UHF 42),210,Coney Island - Sheepshead Bay,Summer 2016,35.62,,
412011,386,3,104,2027,122,Ozone (O3),Mean,UHF42,Neighborhood (UHF 42),211,Williamsburg - Bushwick,Summer 2016,32.99,,
412012,386,3,104,2027,122,Ozone (O3),Mean,UHF42,Neighborhood (UHF 42),301,Washington Heights,Summer 2016,31.92,,
412013,386,3,104,2027,122,Ozone (O3),Mean,UHF42,Neighborhood (UHF 42),302,Central Harlem - Morningside Heights,Summer 2016,31.35,,
412014,386,3,104,2027,122,Ozone (O3),Mean,UHF42,Neighborhood (UHF 42),303,East Harlem,Summer 2016,31.62,,
412015,386,3,104,2027,122,Ozone (O3),Mean,UHF42,Neighborhood (UHF 42),304,Upper West Side,Summer 2016,30.54,,
412016,386,3,104,2027,122,Ozone (O3),Mean,UHF42,Neighborhood (UHF 42),305,Upper East Side,Summer 2016,30.17,,
412017,386,3,104,2027,122,Ozone (O3),Mean,UHF42,Neighborhood (UHF 42),306,Chelsea - Clinton,Summer 2016,28.76,,
412018,386,3,104,2027,122,Ozone (O3),Mean,UHF42,Neighborhood (UHF 42),307,Gramercy Park - Murray Hill,Summer 2016,27.51,,
412019,386,3,104,2027,122,Ozone (O3),Mean,UHF42,Neighborhood (UHF 42),308,Greenwich Village - SoHo,Summer 2016,30.03,,
412020,386,3,104,2027,122,Ozone (O3),Mean,UHF42,Neighborhood (UHF 42),309,Union Square - Lower East Side,Summer 2016,30.14,,
412021,386,3,104,2027,122,Ozone (O3),Mean,UHF42,Neighborhood (UHF 42),310,Lower Manhattan,Summer 2016,29.73,,
412022,386,3,104,2027,122,Ozone (O3),Mean,UHF42,Neighborhood (UHF 42),401,Long Island City - Astoria,Summer 2016,33.15,,
412023,386,3,104,2027,122,Ozone (O3),Mean,UHF42,Neighborhood (UHF 42),402,West Queens,Summer 2016,33.12,,
412024,386,3,104,2027,122,Ozone (O3),Mean,UHF42,Neighborhood (UHF 42),403,Flushing - Clearview,Summer 2016,33.44,,
412025,386,3,104,2027,122,Ozone (O3),Mean,UHF42,Neighborhood (UHF 42),404,Bayside - Little Neck,Summer 2016,32.99,,
412026,386,3,104,2027,122,Ozone (O3),Mean,UHF42,Neighborhood (UHF 42),405,Ridgewood - Forest Hills,Summer 2016,33.48,,
412027,386,3,104,2027,122,Ozone (O3),Mean,UHF42,Neighborhood (UHF 42),406,Fresh Meadows,Summer 2016,33.16,,
412028,386,3,104,2027,122,Ozone (O3),Mean,UHF42,Neighborhood (UHF 42),407,Southwest Queens,Summer 2016,34.34,,
412029,386,3,104,2027,122,Ozone (O3),Mean,UHF42,Neighborhood (UHF 42),408,Jamaica,Summer 2016,33.86,,
412030,386,3,104,2027,122,Ozone (O3),Mean,UHF42,Neighborhood (UHF 42),409,Southeast Queens,Summer 2016,34.3,,
412031,386,3,104,2027,122,Ozone (O3),Mean,UHF42,Neighborhood (UHF 42),410,Rockaways,Summer 2016,38.18,,
412032,386,3,104,2027,122,Ozone (O3),Mean,UHF42,Neighborhood (UHF 42),501,Port Richmond,Summer 2016,33.42,,
412033,386,3,104,2027,122,Ozone (O3),Mean,UHF42,Neighborhood (UHF 42),502,Stapleton - St. George,Summer 2016,34.18,,
412034,386,3,104,2027,122,Ozone (O3),Mean,UHF42,Neighborhood (UHF 42),503,Willowbrook,Summer 2016,34.68,,
412035,386,3,104,2027,122,Ozone (O3),Mean,UHF42,Neighborhood (UHF 42),504,South Beach - Tottenville,Summer 2016,36.17,,
412036,386,4,104,2027,122,Ozone (O3),Mean,UHF34,Neighborhood (UHF 34),101,Kingsbridge - Riverdale,Summer 2016,32.46,,
412037,386,4,104,2027,122,Ozone (O3),Mean,UHF34,Neighborhood (UHF 34),102,Northeast Bronx,Summer 2016,33.21,,
412038,386,4,104,2027,122,Ozone (O3),Mean,UHF34,Neighborhood (UHF 34),103,Fordham - Bronx Pk,Summer 2016,32.78,,
412039,386,4,104,2027,122,Ozone (O3),Mean,UHF34,Neighborhood (UHF 34),104,Pelham - Throgs Neck,Summer 2016,33.63,,
412040,386,4,104,2027,122,Ozone (O3),Mean,UHF34,Neighborhood (UHF 34),201,Greenpoint,Summer 2016,32.96,,
412041,386,4,104,2027,122,Ozone (O3),Mean,UHF34,Neighborhood (UHF 34),202,Downtown - Heights - Slope,Summer 2016,31.98,,
412042,386,4,104,2027,122,Ozone (O3),Mean,UHF34,Neighborhood (UHF 34),203,Bedford Stuyvesant - Crown Heights,Summer 2016,32.98,,
412043,386,4,104,2027,122,Ozone (O3),Mean,UHF34,Neighborhood (UHF 34),204,East New York,Summer 2016,34.26,,
412044,386,4,104,2027,122,Ozone (O3),Mean,UHF34,Neighborhood (UHF 34),205,Sunset Park,Summer 2016,33.28,,
412045,386,4,104,2027,122,Ozone (O3),Mean,UHF34,Neighborhood (UHF 34),206,Borough Park,Summer 2016,33.54,,
412046,386,4,104,2027,122,Ozone (O3),Mean,UHF34,Neighborhood (UHF 34),207,East Flatbush - Flatbush,Summer 2016,33.66,,
412047,386,4,104,2027,122,Ozone (O3),Mean,UHF34,Neighborhood (UHF 34),208,Canarsie - Flatlands,Summer 2016,35.79,,
412048,386,4,104,2027,122,Ozone (O3),Mean,UHF34,Neighborhood (UHF 34),209,Bensonhurst - Bay Ridge,Summer 2016,34.25,,
412049,386,4,104,2027,122,Ozone (O3),Mean,UHF34,Neighborhood (UHF 34),210,Coney Island - Sheepshead Bay,Summer 2016,35.62,,
412050,386,4,104,2027,122,Ozone (O3),Mean,UHF34,Neighborhood (UHF 34),211,Williamsburg - Bushwick,Summer 2016,32.99,,
412051,386,4,104,2027,122,Ozone (O3),Mean,UHF34,Neighborhood (UHF 34),301,Washington Heights,Summer 2016,31.92,,
412052,386,4,104,2027,122,Ozone (O3),Mean,UHF34,Neighborhood (UHF 34),302,Central Harlem - Morningside Heights,Summer 2016,31.35,,
412053,386,4,104,2027,122,Ozone (O3),Mean,UHF34,Neighborhood (UHF 34),303,East Harlem,Summer 2016,31.62,,
412054,386,4,104,2027,122,Ozone (O3),Mean,UHF34,Neighborhood (UHF 34),304,Upper West Side,Summer 2016,30.54,,
412055,386,4,104,2027,122,Ozone (O3),Mean,UHF34,Neighborhood (UHF 34),401,Long Island City - Astoria,Summer 2016,33.15,,
412056,386,4,104,2027,122,Ozone (O3),Mean,UHF34,Neighborhood (UHF 34),402,West Queens,Summer 2016,33.12,,
412057,386,4,104,2027,122,Ozone (O3),Mean,UHF34,Neighborhood (UHF 34),403,Flushing - Clearview,Summer 2016,33.45,,
412058,386,4,104,2027,122,Ozone (O3),Mean,UHF34,Neighborhood (UHF 34),405,Ridgewood - Forest Hills,Summer 2016,33.48,,
412059,386,4,104,2027,122,Ozone (O3),Mean,UHF34,Neighborhood (UHF 34),407,Southwest Queens,Summer 2016,34.34,,
412060,386,4,104,2027,122,Ozone (O3),Mean,UHF34,Neighborhood (UHF 34),408,Jamaica,Summer 2016,33.86,,
412061,386,4,104,2027,122,Ozone (O3),Mean,UHF34,Neighborhood (UHF 34),409,Southeast Queens,Summer 2016,34.29,,
412062,386,4,104,2027,122,Ozone (O3),Mean,UHF34,Neighborhood (UHF 34),410,Rockaways,Summer 2016,38.18,,
412063,386,4,104,2027,122,Ozone (O3),Mean,UHF34,Neighborhood (UHF 34),305307,Upper East Side-Gramercy,Summer 2016,28.92,,
412064,386,4,104,2027,122,Ozone (O3),Mean,UHF34,Neighborhood (UHF 34),306308,Chelsea-Village  ,Summer 2016,29.19,,
412065,386,4,104,2027,122,Ozone (O3),Mean,UHF34,Neighborhood (UHF 34),309310,Union Square-Lower Manhattan,Summer 2016,30.01,,
412066,386,4,104,2027,122,Ozone (O3),Mean,UHF34,Neighborhood (UHF 34),404406,Bayside Little Neck-Fresh Meadows,Summer 2016,33.05,,
412067,386,4,104,2027,122,Ozone (O3),Mean,UHF34,Neighborhood (UHF 34),501502,Northern SI,Summer 2016,33.91,,
412068,386,4,104,2027,122,Ozone (O3),Mean,UHF34,Neighborhood (UHF 34),503504,Southern SI,Summer 2016,35.62,,
412069,386,4,104,2027,122,Ozone (O3),Mean,UHF34,Neighborhood (UHF 34),105106107,South Bronx,Summer 2016,32.84,,
412070,386,6,104,2027,122,Ozone (O3),Mean,Citywide,Citywide,1,New York City,Summer 2016,33.82,,
412071,386,17,104,2027,122,Ozone (O3),Mean,CD,Neighborhood (community district),101,Financial District (CD1),Summer 2016,29.81,,
412072,386,17,104,2027,122,Ozone (O3),Mean,CD,Neighborhood (community district),102,Greenwich Village and Soho (CD2),Summer 2016,29.87,,
412073,386,17,104,2027,122,Ozone (O3),Mean,CD,Neighborhood (community district),103,Lower East Side and Chinatown (CD3),Summer 2016,30.41,,
412074,386,17,104,2027,122,Ozone (O3),Mean,CD,Neighborhood (community district),104,Clinton and Chelsea (CD4),Summer 2016,29.76,,
412075,386,17,104,2027,122,Ozone (O3),Mean,CD,Neighborhood (community district),105,Midtown (CD5),Summer 2016,26.92,,
412076,386,17,104,2027,122,Ozone (O3),Mean,CD,Neighborhood (community district),106,Stuyvesant Town and Turtle Bay (CD6),Summer 2016,28.23,,
412077,386,17,104,2027,122,Ozone (O3),Mean,CD,Neighborhood (community district),107,Upper West Side (CD7),Summer 2016,30.55,,
412078,386,17,104,2027,122,Ozone (O3),Mean,CD,Neighborhood (community district),108,Upper East Side (CD8),Summer 2016,30.12,,
412079,386,17,104,2027,122,Ozone (O3),Mean,CD,Neighborhood (community district),109,Morningside Heights and Hamilton Heights (CD9),Summer 2016,31.29,,
412080,386,17,104,2027,122,Ozone (O3),Mean,CD,Neighborhood (community district),110,Central Harlem (CD10),Summer 2016,31.42,,
412081,386,17,104,2027,122,Ozone (O3),Mean,CD,Neighborhood (community district),111,East Harlem (CD11),Summer 2016,31.66,,
412082,386,17,104,2027,122,Ozone (O3),Mean,CD,Neighborhood (community district),112,Washington Heights and Inwood (CD12),Summer 2016,32.01,,
412083,386,17,104,2027,122,Ozone (O3),Mean,CD,Neighborhood (community district),201,Mott Haven and Melrose (CD1),Summer 2016,32.81,,
412084,386,17,104,2027,122,Ozone (O3),Mean,CD,Neighborhood (community district),202,Hunts Point and Longwood (CD2),Summer 2016,33.74,,
412085,386,17,104,2027,122,Ozone (O3),Mean,CD,Neighborhood (community district),203,Morrisania and Crotona (CD3),Summer 2016,32.58,,
412086,386,17,104,2027,122,Ozone (O3),Mean,CD,Neighborhood (community district),204,Highbridge and Concourse (CD4),Summer 2016,32.2,,
412087,386,17,104,2027,122,Ozone (O3),Mean,CD,Neighborhood (community district),205,Fordham and University Heights (CD5),Summer 2016,32.06,,
412088,386,17,104,2027,122,Ozone (O3),Mean,CD,Neighborhood (community district),206,Belmont and East Tremont (CD6),Summer 2016,32.5,,
412089,386,17,104,2027,122,Ozone (O3),Mean,CD,Neighborhood (community district),207,Kingsbridge Heights and Bedford (CD7),Summer 2016,32.46,,
412090,386,17,104,2027,122,Ozone (O3),Mean,CD,Neighborhood (community district),208,Riverdale and Fieldston (CD8),Summer 2016,32.52,,
412091,386,17,104,2027,122,Ozone (O3),Mean,CD,Neighborhood (community district),209,Parkchester and Soundview (CD9),Summer 2016,33.25,,
412092,386,17,104,2027,122,Ozone (O3),Mean,CD,Neighborhood (community district),210,Throgs Neck and Co-op City (CD10),Summer 2016,34,,
412093,386,17,104,2027,122,Ozone (O3),Mean,CD,Neighborhood (community district),211,Morris Park and Bronxdale (CD11),Summer 2016,33.21,,
412094,386,17,104,2027,122,Ozone (O3),Mean,CD,Neighborhood (community district),212,Williamsbridge and Baychester (CD12),Summer 2016,33.19,,
412095,386,17,104,2027,122,Ozone (O3),Mean,CD,Neighborhood (community district),301,Greenpoint and Williamsburg (CD1),Summer 2016,32.99,,
412096,386,17,104,2027,122,Ozone (O3),Mean,CD,Neighborhood (community district),302,Fort Greene and Brooklyn Heights (CD2),Summer 2016,31.63,,
412097,386,17,104,2027,122,Ozone (O3),Mean,CD,Neighborhood (community district),303,Bedford Stuyvesant (CD3),Summer 2016,32.55,,
412098,386,17,104,2027,122,Ozone (O3),Mean,CD,Neighborhood (community district),304,Bushwick (CD4),Summer 2016,33.47,,
412099,386,17,104,2027,122,Ozone (O3),Mean,CD,Neighborhood (community district),305,East New York and Starrett City (CD5),Summer 2016,34.57,,
412100,386,17,104,2027,122,Ozone (O3),Mean,CD,Neighborhood (community district),306,Park Slope and Carroll Gardens (CD6),Summer 2016,32.27,,
412101,386,17,104,2027,122,Ozone (O3),Mean,CD,Neighborhood (community district),307,Sunset Park (CD7),Summer 2016,33.19,,
412102,386,17,104,2027,122,Ozone (O3),Mean,CD,Neighborhood (community district),308,Crown Heights and Prospect Heights (CD8),Summer 2016,32.54,,
412103,386,17,104,2027,122,Ozone (O3),Mean,CD,Neighborhood (community district),309,South Crown Heights and Lefferts Gardens (CD9),Summer 2016,32.98,,
412104,386,17,104,2027,122,Ozone (O3),Mean,CD,Neighborhood (community district),310,Bay Ridge and Dyker Heights (CD10),Summer 2016,33.51,,
412105,386,17,104,2027,122,Ozone (O3),Mean,CD,Neighborhood (community district),311,Bensonhurst (CD11),Summer 2016,34.51,,
412106,386,17,104,2027,122,Ozone (O3),Mean,CD,Neighborhood (community district),312,Borough Park (CD12),Summer 2016,33.45,,
412107,386,17,104,2027,122,Ozone (O3),Mean,CD,Neighborhood (community district),313,Coney Island (CD13),Summer 2016,36.33,,
412108,386,17,104,2027,122,Ozone (O3),Mean,CD,Neighborhood (community district),314,Flatbush and Midwood (CD14),Summer 2016,33.56,,
412109,386,17,104,2027,122,Ozone (O3),Mean,CD,Neighborhood (community district),315,Sheepshead Bay (CD15),Summer 2016,35.37,,
412110,386,17,104,2027,122,Ozone (O3),Mean,CD,Neighborhood (community district),316,Brownsville (CD16),Summer 2016,33.74,,
412111,386,17,104,2027,122,Ozone (O3),Mean,CD,Neighborhood (community district),317,East Flatbush (CD17),Summer 2016,33.88,,
412112,386,17,104,2027,122,Ozone (O3),Mean,CD,Neighborhood (community district),318,Flatlands and Canarsie (CD18),Summer 2016,35.71,,
412113,386,17,104,2027,122,Ozone (O3),Mean,CD,Neighborhood (community district),401,Long Island City and Astoria (CD1),Summer 2016,33.44,,
412114,386,17,104,2027,122,Ozone (O3),Mean,CD,Neighborhood (community district),402,Woodside and Sunnyside (CD2),Summer 2016,33.37,,
412115,386,17,104,2027,122,Ozone (O3),Mean,CD,Neighborhood (community district),403,Jackson Heights (CD3),Summer 2016,32.97,,
412116,386,17,104,2027,122,Ozone (O3),Mean,CD,Neighborhood (community district),404,Elmhurst and Corona (CD4),Summer 2016,32.75,,
412117,386,17,104,2027,122,Ozone (O3),Mean,CD,Neighborhood (community district),405,Ridgewood and Maspeth (CD5),Summer 2016,33.76,,
412118,386,17,104,2027,122,Ozone (O3),Mean,CD,Neighborhood (community district),406,Rego Park and Forest Hills (CD6),Summer 2016,32.7,,
412119,386,17,104,2027,122,Ozone (O3),Mean,CD,Neighborhood (community district),407,Flushing and Whitestone (CD7),Summer 2016,33.48,,
412120,386,17,104,2027,122,Ozone (O3),Mean,CD,Neighborhood (community district),408,Hillcrest and Fresh Meadows (CD8),Summer 2016,32.98,,
412121,386,17,104,2027,122,Ozone (O3),Mean,CD,Neighborhood (community district),409,Kew Gardens and Woodhaven (CD9),Summer 2016,33.58,,
412122,386,17,104,2027,122,Ozone (O3),Mean,CD,Neighborhood (community district),410,South Ozone Park and Howard Beach (CD10),Summer 2016,34.86,,
412123,386,17,104,2027,122,Ozone (O3),Mean,CD,Neighborhood (community district),411,Bayside and Little Neck (CD11),Summer 2016,33.06,,
412124,386,17,104,2027,122,Ozone (O3),Mean,CD,Neighborhood (community district),412,Jamaica and Hollis (CD12),Summer 2016,34.03,,
412125,386,17,104,2027,122,Ozone (O3),Mean,CD,Neighborhood (community district),413,Queens Village (CD13),Summer 2016,34.43,,
412126,386,17,104,2027,122,Ozone (O3),Mean,CD,Neighborhood (community district),414,Rockaway and Broad Channel (CD14),Summer 2016,38.26,,
412127,386,17,104,2027,122,Ozone (O3),Mean,CD,Neighborhood (community district),501,St. George and Stapleton (CD1),Summer 2016,33.4,,
412128,386,17,104,2027,122,Ozone (O3),Mean,CD,Neighborhood (community district),502,South Beach and Willowbrook (CD2),Summer 2016,35.11,,
412129,386,17,104,2027,122,Ozone (O3),Mean,CD,Neighborhood (community district),503,Tottenville and Great Kills (CD3),Summer 2016,36.19,,
412414,375,1,104,2025,122,Nitrogen Dioxide (NO2),Mean,Borough,Borough,1,Bronx,Annual Average 2016,18.42,,
412417,375,1,104,2025,122,Nitrogen Dioxide (NO2),Mean,Borough,Borough,2,Brooklyn,Annual Average 2016,18.48,,
412420,375,1,104,2025,122,Nitrogen Dioxide (NO2),Mean,Borough,Borough,3,Manhattan,Annual Average 2016,24.35,,
412423,375,1,104,2025,122,Nitrogen Dioxide (NO2),Mean,Borough,Borough,4,Queens,Annual Average 2016,17.65,,
412426,375,1,104,2025,122,Nitrogen Dioxide (NO2),Mean,Borough,Borough,5,Staten Island,Annual Average 2016,13.47,,
412429,375,3,104,2025,122,Nitrogen Dioxide (NO2),Mean,UHF42,Neighborhood (UHF 42),101,Kingsbridge - Riverdale,Annual Average 2016,16.04,,
412432,375,3,104,2025,122,Nitrogen Dioxide (NO2),Mean,UHF42,Neighborhood (UHF 42),102,Northeast Bronx,Annual Average 2016,17.52,,
412435,375,3,104,2025,122,Nitrogen Dioxide (NO2),Mean,UHF42,Neighborhood (UHF 42),103,Fordham - Bronx Pk,Annual Average 2016,17.93,,
412438,375,3,104,2025,122,Nitrogen Dioxide (NO2),Mean,UHF42,Neighborhood (UHF 42),104,Pelham - Throgs Neck,Annual Average 2016,17.92,,
412441,375,3,104,2025,122,Nitrogen Dioxide (NO2),Mean,UHF42,Neighborhood (UHF 42),105,Crotona -Tremont,Annual Average 2016,20.37,,
412444,375,3,104,2025,122,Nitrogen Dioxide (NO2),Mean,UHF42,Neighborhood (UHF 42),106,High Bridge - Morrisania,Annual Average 2016,21.08,,
412447,375,3,104,2025,122,Nitrogen Dioxide (NO2),Mean,UHF42,Neighborhood (UHF 42),107,Hunts Point - Mott Haven,Annual Average 2016,19.91,,
412450,375,3,104,2025,122,Nitrogen Dioxide (NO2),Mean,UHF42,Neighborhood (UHF 42),201,Greenpoint,Annual Average 2016,21.44,,
412453,375,3,104,2025,122,Nitrogen Dioxide (NO2),Mean,UHF42,Neighborhood (UHF 42),202,Downtown - Heights - Slope,Annual Average 2016,21.65,,
412456,375,3,104,2025,122,Nitrogen Dioxide (NO2),Mean,UHF42,Neighborhood (UHF 42),203,Bedford Stuyvesant - Crown Heights,Annual Average 2016,20.2,,
412459,375,3,104,2025,122,Nitrogen Dioxide (NO2),Mean,UHF42,Neighborhood (UHF 42),204,East New York,Annual Average 2016,18.26,,
412462,375,3,104,2025,122,Nitrogen Dioxide (NO2),Mean,UHF42,Neighborhood (UHF 42),205,Sunset Park,Annual Average 2016,19.32,,
412465,375,3,104,2025,122,Nitrogen Dioxide (NO2),Mean,UHF42,Neighborhood (UHF 42),206,Borough Park,Annual Average 2016,18.87,,
412468,375,3,104,2025,122,Nitrogen Dioxide (NO2),Mean,UHF42,Neighborhood (UHF 42),207,East Flatbush - Flatbush,Annual Average 2016,18.86,,
412471,375,3,104,2025,122,Nitrogen Dioxide (NO2),Mean,UHF42,Neighborhood (UHF 42),208,Canarsie - Flatlands,Annual Average 2016,15.3,,
412474,375,3,104,2025,122,Nitrogen Dioxide (NO2),Mean,UHF42,Neighborhood (UHF 42),209,Bensonhurst - Bay Ridge,Annual Average 2016,17.78,,
412477,375,3,104,2025,122,Nitrogen Dioxide (NO2),Mean,UHF42,Neighborhood (UHF 42),210,Coney Island - Sheepshead Bay,Annual Average 2016,15.62,,
412480,375,3,104,2025,122,Nitrogen Dioxide (NO2),Mean,UHF42,Neighborhood (UHF 42),211,Williamsburg - Bushwick,Annual Average 2016,20.82,,
412483,375,3,104,2025,122,Nitrogen Dioxide (NO2),Mean,UHF42,Neighborhood (UHF 42),301,Washington Heights,Annual Average 2016,19.85,,
412486,375,3,104,2025,122,Nitrogen Dioxide (NO2),Mean,UHF42,Neighborhood (UHF 42),302,Central Harlem - Morningside Heights,Annual Average 2016,22.19,,
412489,375,3,104,2025,122,Nitrogen Dioxide (NO2),Mean,UHF42,Neighborhood (UHF 42),303,East Harlem,Annual Average 2016,22.19,,
412492,375,3,104,2025,122,Nitrogen Dioxide (NO2),Mean,UHF42,Neighborhood (UHF 42),304,Upper West Side,Annual Average 2016,23.15,,
412495,375,3,104,2025,122,Nitrogen Dioxide (NO2),Mean,UHF42,Neighborhood (UHF 42),305,Upper East Side,Annual Average 2016,24.81,,
412498,375,3,104,2025,122,Nitrogen Dioxide (NO2),Mean,UHF42,Neighborhood (UHF 42),306,Chelsea - Clinton,Annual Average 2016,28.36,,
412501,375,3,104,2025,122,Nitrogen Dioxide (NO2),Mean,UHF42,Neighborhood (UHF 42),307,Gramercy Park - Murray Hill,Annual Average 2016,30.14,,
412504,375,3,104,2025,122,Nitrogen Dioxide (NO2),Mean,UHF42,Neighborhood (UHF 42),308,Greenwich Village - SoHo,Annual Average 2016,25.93,,
412507,375,3,104,2025,122,Nitrogen Dioxide (NO2),Mean,UHF42,Neighborhood (UHF 42),309,Union Square - Lower East Side,Annual Average 2016,24.49,,
412510,375,3,104,2025,122,Nitrogen Dioxide (NO2),Mean,UHF42,Neighborhood (UHF 42),310,Lower Manhattan,Annual Average 2016,26.15,,
412513,375,3,104,2025,122,Nitrogen Dioxide (NO2),Mean,UHF42,Neighborhood (UHF 42),401,Long Island City - Astoria,Annual Average 2016,20.91,,
412516,375,3,104,2025,122,Nitrogen Dioxide (NO2),Mean,UHF42,Neighborhood (UHF 42),402,West Queens,Annual Average 2016,20.53,,
412519,375,3,104,2025,122,Nitrogen Dioxide (NO2),Mean,UHF42,Neighborhood (UHF 42),403,Flushing - Clearview,Annual Average 2016,18.24,,
412522,375,3,104,2025,122,Nitrogen Dioxide (NO2),Mean,UHF42,Neighborhood (UHF 42),404,Bayside - Little Neck,Annual Average 2016,16.43,,
412525,375,3,104,2025,122,Nitrogen Dioxide (NO2),Mean,UHF42,Neighborhood (UHF 42),405,Ridgewood - Forest Hills,Annual Average 2016,18.65,,
412528,375,3,104,2025,122,Nitrogen Dioxide (NO2),Mean,UHF42,Neighborhood (UHF 42),406,Fresh Meadows,Annual Average 2016,18.09,,
412531,375,3,104,2025,122,Nitrogen Dioxide (NO2),Mean,UHF42,Neighborhood (UHF 42),407,Southwest Queens,Annual Average 2016,17.8,,
412534,375,3,104,2025,122,Nitrogen Dioxide (NO2),Mean,UHF42,Neighborhood (UHF 42),408,Jamaica,Annual Average 2016,17.56,,
412537,375,3,104,2025,122,Nitrogen Dioxide (NO2),Mean,UHF42,Neighborhood (UHF 42),409,Southeast Queens,Annual Average 2016,16.16,,
412540,375,3,104,2025,122,Nitrogen Dioxide (NO2),Mean,UHF42,Neighborhood (UHF 42),410,Rockaways,Annual Average 2016,11.72,,
412543,375,3,104,2025,122,Nitrogen Dioxide (NO2),Mean,UHF42,Neighborhood (UHF 42),501,Port Richmond,Annual Average 2016,17.47,,
412546,375,3,104,2025,122,Nitrogen Dioxide (NO2),Mean,UHF42,Neighborhood (UHF 42),502,Stapleton - St. George,Annual Average 2016,14.93,,
412549,375,3,104,2025,122,Nitrogen Dioxide (NO2),Mean,UHF42,Neighborhood (UHF 42),503,Willowbrook,Annual Average 2016,14.11,,
412552,375,3,104,2025,122,Nitrogen Dioxide (NO2),Mean,UHF42,Neighborhood (UHF 42),504,South Beach - Tottenville,Annual Average 2016,11.52,,
412555,375,4,104,2025,122,Nitrogen Dioxide (NO2),Mean,UHF34,Neighborhood (UHF 34),101,Kingsbridge - Riverdale,Annual Average 2016,16.04,,
412558,375,4,104,2025,122,Nitrogen Dioxide (NO2),Mean,UHF34,Neighborhood (UHF 34),102,Northeast Bronx,Annual Average 2016,17.52,,
412561,375,4,104,2025,122,Nitrogen Dioxide (NO2),Mean,UHF34,Neighborhood (UHF 34),103,Fordham - Bronx Pk,Annual Average 2016,17.93,,
412564,375,4,104,2025,122,Nitrogen Dioxide (NO2),Mean,UHF34,Neighborhood (UHF 34),104,Pelham - Throgs Neck,Annual Average 2016,17.92,,
412567,375,4,104,2025,122,Nitrogen Dioxide (NO2),Mean,UHF34,Neighborhood (UHF 34),201,Greenpoint,Annual Average 2016,21.44,,
412570,375,4,104,2025,122,Nitrogen Dioxide (NO2),Mean,UHF34,Neighborhood (UHF 34),202,Downtown - Heights - Slope,Annual Average 2016,21.65,,
412573,375,4,104,2025,122,Nitrogen Dioxide (NO2),Mean,UHF34,Neighborhood (UHF 34),203,Bedford Stuyvesant - Crown Heights,Annual Average 2016,20.2,,
412576,375,4,104,2025,122,Nitrogen Dioxide (NO2),Mean,UHF34,Neighborhood (UHF 34),204,East New York,Annual Average 2016,18.26,,
412579,375,4,104,2025,122,Nitrogen Dioxide (NO2),Mean,UHF34,Neighborhood (UHF 34),205,Sunset Park,Annual Average 2016,19.32,,
412582,375,4,104,2025,122,Nitrogen Dioxide (NO2),Mean,UHF34,Neighborhood (UHF 34),206,Borough Park,Annual Average 2016,18.87,,
412585,375,4,104,2025,122,Nitrogen Dioxide (NO2),Mean,UHF34,Neighborhood (UHF 34),207,East Flatbush - Flatbush,Annual Average 2016,18.86,,
412588,375,4,104,2025,122,Nitrogen Dioxide (NO2),Mean,UHF34,Neighborhood (UHF 34),208,Canarsie - Flatlands,Annual Average 2016,15.3,,
412591,375,4,104,2025,122,Nitrogen Dioxide (NO2),Mean,UHF34,Neighborhood (UHF 34),209,Bensonhurst - Bay Ridge,Annual Average 2016,17.78,,
412594,375,4,104,2025,122,Nitrogen Dioxide (NO2),Mean,UHF34,Neighborhood (UHF 34),210,Coney Island - Sheepshead Bay,Annual Average 2016,15.62,,
412597,375,4,104,2025,122,Nitrogen Dioxide (NO2),Mean,UHF34,Neighborhood (UHF 34),211,Williamsburg - Bushwick,Annual Average 2016,20.82,,
412600,375,4,104,2025,122,Nitrogen Dioxide (NO2),Mean,UHF34,Neighborhood (UHF 34),301,Washington Heights,Annual Average 2016,19.85,,
412603,375,4,104,2025,122,Nitrogen Dioxide (NO2),Mean,UHF34,Neighborhood (UHF 34),302,Central Harlem - Morningside Heights,Annual Average 2016,22.19,,
412606,375,4,104,2025,122,Nitrogen Dioxide (NO2),Mean,UHF34,Neighborhood (UHF 34),303,East Harlem,Annual Average 2016,22.19,,
412609,375,4,104,2025,122,Nitrogen Dioxide (NO2),Mean,UHF34,Neighborhood (UHF 34),304,Upper West Side,Annual Average 2016,23.15,,
412612,375,4,104,2025,122,Nitrogen Dioxide (NO2),Mean,UHF34,Neighborhood (UHF 34),401,Long Island City - Astoria,Annual Average 2016,20.91,,
412615,375,4,104,2025,122,Nitrogen Dioxide (NO2),Mean,UHF34,Neighborhood (UHF 34),402,West Queens,Annual Average 2016,20.53,,
412618,375,4,104,2025,122,Nitrogen Dioxide (NO2),Mean,UHF34,Neighborhood (UHF 34),403,Flushing - Clearview,Annual Average 2016,18.23,,
412621,375,4,104,2025,122,Nitrogen Dioxide (NO2),Mean,UHF34,Neighborhood (UHF 34),405,Ridgewood - Forest Hills,Annual Average 2016,18.65,,
412624,375,4,104,2025,122,Nitrogen Dioxide (NO2),Mean,UHF34,Neighborhood (UHF 34),407,Southwest Queens,Annual Average 2016,17.8,,
412627,375,4,104,2025,122,Nitrogen Dioxide (NO2),Mean,UHF34,Neighborhood (UHF 34),408,Jamaica,Annual Average 2016,17.56,,
412630,375,4,104,2025,122,Nitrogen Dioxide (NO2),Mean,UHF34,Neighborhood (UHF 34),409,Southeast Queens,Annual Average 2016,16.16,,
412633,375,4,104,2025,122,Nitrogen Dioxide (NO2),Mean,UHF34,Neighborhood (UHF 34),410,Rockaways,Annual Average 2016,11.72,,
412636,375,4,104,2025,122,Nitrogen Dioxide (NO2),Mean,UHF34,Neighborhood (UHF 34),305307,Upper East Side-Gramercy,Annual Average 2016,27.31,,
412639,375,4,104,2025,122,Nitrogen Dioxide (NO2),Mean,UHF34,Neighborhood (UHF 34),306308,Chelsea-Village  ,Annual Average 2016,27.55,,
412642,375,4,104,2025,122,Nitrogen Dioxide (NO2),Mean,UHF34,Neighborhood (UHF 34),309310,Union Square-Lower Manhattan,Annual Average 2016,25.01,,
412645,375,4,104,2025,122,Nitrogen Dioxide (NO2),Mean,UHF34,Neighborhood (UHF 34),404406,Bayside Little Neck-Fresh Meadows,Annual Average 2016,17.1,,
412648,375,4,104,2025,122,Nitrogen Dioxide (NO2),Mean,UHF34,Neighborhood (UHF 34),501502,Northern SI,Annual Average 2016,15.81,,
412651,375,4,104,2025,122,Nitrogen Dioxide (NO2),Mean,UHF34,Neighborhood (UHF 34),503504,Southern SI,Annual Average 2016,12.48,,
412654,375,4,104,2025,122,Nitrogen Dioxide (NO2),Mean,UHF34,Neighborhood (UHF 34),105106107,South Bronx,Annual Average 2016,20.38,,
412657,375,6,104,2025,122,Nitrogen Dioxide (NO2),Mean,Citywide,Citywide,1,New York City,Annual Average 2016,17.58,,
412660,375,17,104,2025,122,Nitrogen Dioxide (NO2),Mean,CD,Neighborhood (community district),101,Financial District (CD1),Annual Average 2016,26.27,,
412663,375,17,104,2025,122,Nitrogen Dioxide (NO2),Mean,CD,Neighborhood (community district),102,Greenwich Village and Soho (CD2),Annual Average 2016,25.94,,
412666,375,17,104,2025,122,Nitrogen Dioxide (NO2),Mean,CD,Neighborhood (community district),103,Lower East Side and Chinatown (CD3),Annual Average 2016,24,,
412669,375,17,104,2025,122,Nitrogen Dioxide (NO2),Mean,CD,Neighborhood (community district),104,Clinton and Chelsea (CD4),Annual Average 2016,26.68,,
412672,375,17,104,2025,122,Nitrogen Dioxide (NO2),Mean,CD,Neighborhood (community district),105,Midtown (CD5),Annual Average 2016,31.64,,
412675,375,17,104,2025,122,Nitrogen Dioxide (NO2),Mean,CD,Neighborhood (community district),106,Stuyvesant Town and Turtle Bay (CD6),Annual Average 2016,28.4,,
412678,375,17,104,2025,122,Nitrogen Dioxide (NO2),Mean,CD,Neighborhood (community district),107,Upper West Side (CD7),Annual Average 2016,23.15,,
412681,375,17,104,2025,122,Nitrogen Dioxide (NO2),Mean,CD,Neighborhood (community district),108,Upper East Side (CD8),Annual Average 2016,24.91,,
412684,375,17,104,2025,122,Nitrogen Dioxide (NO2),Mean,CD,Neighborhood (community district),109,Morningside Heights and Hamilton Heights (CD9),Annual Average 2016,22,,
412687,375,17,104,2025,122,Nitrogen Dioxide (NO2),Mean,CD,Neighborhood (community district),110,Central Harlem (CD10),Annual Average 2016,22.27,,
412690,375,17,104,2025,122,Nitrogen Dioxide (NO2),Mean,CD,Neighborhood (community district),111,East Harlem (CD11),Annual Average 2016,22.09,,
412693,375,17,104,2025,122,Nitrogen Dioxide (NO2),Mean,CD,Neighborhood (community district),112,Washington Heights and Inwood (CD12),Annual Average 2016,19.36,,
412696,375,17,104,2025,122,Nitrogen Dioxide (NO2),Mean,CD,Neighborhood (community district),201,Mott Haven and Melrose (CD1),Annual Average 2016,20.84,,
412699,375,17,104,2025,122,Nitrogen Dioxide (NO2),Mean,CD,Neighborhood (community district),202,Hunts Point and Longwood (CD2),Annual Average 2016,19.79,,
412702,375,17,104,2025,122,Nitrogen Dioxide (NO2),Mean,CD,Neighborhood (community district),203,Morrisania and Crotona (CD3),Annual Average 2016,20.07,,
412705,375,17,104,2025,122,Nitrogen Dioxide (NO2),Mean,CD,Neighborhood (community district),204,Highbridge and Concourse (CD4),Annual Average 2016,21.21,,
412708,375,17,104,2025,122,Nitrogen Dioxide (NO2),Mean,CD,Neighborhood (community district),205,Fordham and University Heights (CD5),Annual Average 2016,21.18,,
412711,375,17,104,2025,122,Nitrogen Dioxide (NO2),Mean,CD,Neighborhood (community district),206,Belmont and East Tremont (CD6),Annual Average 2016,19.86,,
412714,375,17,104,2025,122,Nitrogen Dioxide (NO2),Mean,CD,Neighborhood (community district),207,Kingsbridge Heights and Bedford (CD7),Annual Average 2016,19.15,,
412717,375,17,104,2025,122,Nitrogen Dioxide (NO2),Mean,CD,Neighborhood (community district),208,Riverdale and Fieldston (CD8),Annual Average 2016,16.04,,
412720,375,17,104,2025,122,Nitrogen Dioxide (NO2),Mean,CD,Neighborhood (community district),209,Parkchester and Soundview (CD9),Annual Average 2016,18.81,,
412723,375,17,104,2025,122,Nitrogen Dioxide (NO2),Mean,CD,Neighborhood (community district),210,Throgs Neck and Co-op City (CD10),Annual Average 2016,17.23,,
412726,375,17,104,2025,122,Nitrogen Dioxide (NO2),Mean,CD,Neighborhood (community district),211,Morris Park and Bronxdale (CD11),Annual Average 2016,17.91,,
412729,375,17,104,2025,122,Nitrogen Dioxide (NO2),Mean,CD,Neighborhood (community district),212,Williamsbridge and Baychester (CD12),Annual Average 2016,16.93,,
412732,375,17,104,2025,122,Nitrogen Dioxide (NO2),Mean,CD,Neighborhood (community district),301,Greenpoint and Williamsburg (CD1),Annual Average 2016,21.38,,
412735,375,17,104,2025,122,Nitrogen Dioxide (NO2),Mean,CD,Neighborhood (community district),302,Fort Greene and Brooklyn Heights (CD2),Annual Average 2016,22.16,,
412738,375,17,104,2025,122,Nitrogen Dioxide (NO2),Mean,CD,Neighborhood (community district),303,Bedford Stuyvesant (CD3),Annual Average 2016,20.79,,
412741,375,17,104,2025,122,Nitrogen Dioxide (NO2),Mean,CD,Neighborhood (community district),304,Bushwick (CD4),Annual Average 2016,19.82,,
412744,375,17,104,2025,122,Nitrogen Dioxide (NO2),Mean,CD,Neighborhood (community district),305,East New York and Starrett City (CD5),Annual Average 2016,17.83,,
412747,375,17,104,2025,122,Nitrogen Dioxide (NO2),Mean,CD,Neighborhood (community district),306,Park Slope and Carroll Gardens (CD6),Annual Average 2016,21.17,,
412750,375,17,104,2025,122,Nitrogen Dioxide (NO2),Mean,CD,Neighborhood (community district),307,Sunset Park (CD7),Annual Average 2016,19.44,,
412753,375,17,104,2025,122,Nitrogen Dioxide (NO2),Mean,CD,Neighborhood (community district),308,Crown Heights and Prospect Heights (CD8),Annual Average 2016,20.74,,
412756,375,17,104,2025,122,Nitrogen Dioxide (NO2),Mean,CD,Neighborhood (community district),309,South Crown Heights and Lefferts Gardens (CD9),Annual Average 2016,20.11,,
412759,375,17,104,2025,122,Nitrogen Dioxide (NO2),Mean,CD,Neighborhood (community district),310,Bay Ridge and Dyker Heights (CD10),Annual Average 2016,18.54,,
412762,375,17,104,2025,122,Nitrogen Dioxide (NO2),Mean,CD,Neighborhood (community district),311,Bensonhurst (CD11),Annual Average 2016,18.05,,
412765,375,17,104,2025,122,Nitrogen Dioxide (NO2),Mean,CD,Neighborhood (community district),312,Borough Park (CD12),Annual Average 2016,19.12,,
412768,375,17,104,2025,122,Nitrogen Dioxide (NO2),Mean,CD,Neighborhood (community district),313,Coney Island (CD13),Annual Average 2016,14.64,,
412771,375,17,104,2025,122,Nitrogen Dioxide (NO2),Mean,CD,Neighborhood (community district),314,Flatbush and Midwood (CD14),Annual Average 2016,18.29,,
412774,375,17,104,2025,122,Nitrogen Dioxide (NO2),Mean,CD,Neighborhood (community district),315,Sheepshead Bay (CD15),Annual Average 2016,15.91,,
412777,375,17,104,2025,122,Nitrogen Dioxide (NO2),Mean,CD,Neighborhood (community district),316,Brownsville (CD16),Annual Average 2016,19.29,,
412780,375,17,104,2025,122,Nitrogen Dioxide (NO2),Mean,CD,Neighborhood (community district),317,East Flatbush (CD17),Annual Average 2016,18.94,,
412783,375,17,104,2025,122,Nitrogen Dioxide (NO2),Mean,CD,Neighborhood (community district),318,Flatlands and Canarsie (CD18),Annual Average 2016,15.36,,
412786,375,17,104,2025,122,Nitrogen Dioxide (NO2),Mean,CD,Neighborhood (community district),401,Long Island City and Astoria (CD1),Annual Average 2016,20.07,,
412789,375,17,104,2025,122,Nitrogen Dioxide (NO2),Mean,CD,Neighborhood (community district),402,Woodside and Sunnyside (CD2),Annual Average 2016,20.79,,
412792,375,17,104,2025,122,Nitrogen Dioxide (NO2),Mean,CD,Neighborhood (community district),403,Jackson Heights (CD3),Annual Average 2016,20.32,,
412795,375,17,104,2025,122,Nitrogen Dioxide (NO2),Mean,CD,Neighborhood (community district),404,Elmhurst and Corona (CD4),Annual Average 2016,21.21,,
412798,375,17,104,2025,122,Nitrogen Dioxide (NO2),Mean,CD,Neighborhood (community district),405,Ridgewood and Maspeth (CD5),Annual Average 2016,18.83,,
412801,375,17,104,2025,122,Nitrogen Dioxide (NO2),Mean,CD,Neighborhood (community district),406,Rego Park and Forest Hills (CD6),Annual Average 2016,19.31,,
412804,375,17,104,2025,122,Nitrogen Dioxide (NO2),Mean,CD,Neighborhood (community district),407,Flushing and Whitestone (CD7),Annual Average 2016,18.2,,
412807,375,17,104,2025,122,Nitrogen Dioxide (NO2),Mean,CD,Neighborhood (community district),408,Hillcrest and Fresh Meadows (CD8),Annual Average 2016,17.63,,
412810,375,17,104,2025,122,Nitrogen Dioxide (NO2),Mean,CD,Neighborhood (community district),409,Kew Gardens and Woodhaven (CD9),Annual Average 2016,18.69,,
412813,375,17,104,2025,122,Nitrogen Dioxide (NO2),Mean,CD,Neighborhood (community district),410,South Ozone Park and Howard Beach (CD10),Annual Average 2016,17.21,,
412816,375,17,104,2025,122,Nitrogen Dioxide (NO2),Mean,CD,Neighborhood (community district),411,Bayside and Little Neck (CD11),Annual Average 2016,16.78,,
412819,375,17,104,2025,122,Nitrogen Dioxide (NO2),Mean,CD,Neighborhood (community district),412,Jamaica and Hollis (CD12),Annual Average 2016,17.63,,
412822,375,17,104,2025,122,Nitrogen Dioxide (NO2),Mean,CD,Neighborhood (community district),413,Queens Village (CD13),Annual Average 2016,16.21,,
412825,375,17,104,2025,122,Nitrogen Dioxide (NO2),Mean,CD,Neighborhood (community district),414,Rockaway and Broad Channel (CD14),Annual Average 2016,11.6,,
412828,375,17,104,2025,122,Nitrogen Dioxide (NO2),Mean,CD,Neighborhood (community district),501,St. George and Stapleton (CD1),Annual Average 2016,16.86,,
412831,375,17,104,2025,122,Nitrogen Dioxide (NO2),Mean,CD,Neighborhood (community district),502,South Beach and Willowbrook (CD2),Annual Average 2016,13.36,,
412834,375,17,104,2025,122,Nitrogen Dioxide (NO2),Mean,CD,Neighborhood (community district),503,Tottenville and Great Kills (CD3),Annual Average 2016,11.44,,
413683,391,1,104,2028,122,Nitric Oxide (NO),Mean,Borough,Borough,1,Bronx,Annual Average 2016,15.44,,
413686,391,1,104,2028,122,Nitric Oxide (NO),Mean,Borough,Borough,2,Brooklyn,Annual Average 2016,17.36,,
413689,391,1,104,2028,122,Nitric Oxide (NO),Mean,Borough,Borough,3,Manhattan,Annual Average 2016,23.59,,
413692,391,1,104,2028,122,Nitric Oxide (NO),Mean,Borough,Borough,4,Queens,Annual Average 2016,15.71,,
413695,391,1,104,2028,122,Nitric Oxide (NO),Mean,Borough,Borough,5,Staten Island,Annual Average 2016,10.47,,
413698,391,3,104,2028,122,Nitric Oxide (NO),Mean,UHF42,Neighborhood (UHF 42),101,Kingsbridge - Riverdale,Annual Average 2016,13.22,,
413701,391,3,104,2028,122,Nitric Oxide (NO),Mean,UHF42,Neighborhood (UHF 42),102,Northeast Bronx,Annual Average 2016,14.62,,
413704,391,3,104,2028,122,Nitric Oxide (NO),Mean,UHF42,Neighborhood (UHF 42),103,Fordham - Bronx Pk,Annual Average 2016,14.92,,
413707,391,3,104,2028,122,Nitric Oxide (NO),Mean,UHF42,Neighborhood (UHF 42),104,Pelham - Throgs Neck,Annual Average 2016,15.94,,
413710,391,3,104,2028,122,Nitric Oxide (NO),Mean,UHF42,Neighborhood (UHF 42),105,Crotona -Tremont,Annual Average 2016,16.78,,
413713,391,3,104,2028,122,Nitric Oxide (NO),Mean,UHF42,Neighborhood (UHF 42),106,High Bridge - Morrisania,Annual Average 2016,16.45,,
413716,391,3,104,2028,122,Nitric Oxide (NO),Mean,UHF42,Neighborhood (UHF 42),107,Hunts Point - Mott Haven,Annual Average 2016,15.6,,
413719,391,3,104,2028,122,Nitric Oxide (NO),Mean,UHF42,Neighborhood (UHF 42),201,Greenpoint,Annual Average 2016,20.4,,
413722,391,3,104,2028,122,Nitric Oxide (NO),Mean,UHF42,Neighborhood (UHF 42),202,Downtown - Heights - Slope,Annual Average 2016,21.23,,
413725,391,3,104,2028,122,Nitric Oxide (NO),Mean,UHF42,Neighborhood (UHF 42),203,Bedford Stuyvesant - Crown Heights,Annual Average 2016,19.03,,
413728,391,3,104,2028,122,Nitric Oxide (NO),Mean,UHF42,Neighborhood (UHF 42),204,East New York,Annual Average 2016,18.22,,
413731,391,3,104,2028,122,Nitric Oxide (NO),Mean,UHF42,Neighborhood (UHF 42),205,Sunset Park,Annual Average 2016,17.74,,
413734,391,3,104,2028,122,Nitric Oxide (NO),Mean,UHF42,Neighborhood (UHF 42),206,Borough Park,Annual Average 2016,16.24,,
413737,391,3,104,2028,122,Nitric Oxide (NO),Mean,UHF42,Neighborhood (UHF 42),207,East Flatbush - Flatbush,Annual Average 2016,18.09,,
413740,391,3,104,2028,122,Nitric Oxide (NO),Mean,UHF42,Neighborhood (UHF 42),208,Canarsie - Flatlands,Annual Average 2016,15.6,,
413743,391,3,104,2028,122,Nitric Oxide (NO),Mean,UHF42,Neighborhood (UHF 42),209,Bensonhurst - Bay Ridge,Annual Average 2016,14.91,,
413746,391,3,104,2028,122,Nitric Oxide (NO),Mean,UHF42,Neighborhood (UHF 42),210,Coney Island - Sheepshead Bay,Annual Average 2016,14.39,,
413749,391,3,104,2028,122,Nitric Oxide (NO),Mean,UHF42,Neighborhood (UHF 42),211,Williamsburg - Bushwick,Annual Average 2016,18.83,,
413752,391,3,104,2028,122,Nitric Oxide (NO),Mean,UHF42,Neighborhood (UHF 42),301,Washington Heights,Annual Average 2016,16.53,,
413755,391,3,104,2028,122,Nitric Oxide (NO),Mean,UHF42,Neighborhood (UHF 42),302,Central Harlem - Morningside Heights,Annual Average 2016,16.98,,
413758,391,3,104,2028,122,Nitric Oxide (NO),Mean,UHF42,Neighborhood (UHF 42),303,East Harlem,Annual Average 2016,18.73,,
413761,391,3,104,2028,122,Nitric Oxide (NO),Mean,UHF42,Neighborhood (UHF 42),304,Upper West Side,Annual Average 2016,22.11,,
413764,391,3,104,2028,122,Nitric Oxide (NO),Mean,UHF42,Neighborhood (UHF 42),305,Upper East Side,Annual Average 2016,27.16,,
413767,391,3,104,2028,122,Nitric Oxide (NO),Mean,UHF42,Neighborhood (UHF 42),306,Chelsea - Clinton,Annual Average 2016,28.49,,
413770,391,3,104,2028,122,Nitric Oxide (NO),Mean,UHF42,Neighborhood (UHF 42),307,Gramercy Park - Murray Hill,Annual Average 2016,28.79,,
413773,391,3,104,2028,122,Nitric Oxide (NO),Mean,UHF42,Neighborhood (UHF 42),308,Greenwich Village - SoHo,Annual Average 2016,32.74,,
413776,391,3,104,2028,122,Nitric Oxide (NO),Mean,UHF42,Neighborhood (UHF 42),309,Union Square - Lower East Side,Annual Average 2016,26.82,,
413779,391,3,104,2028,122,Nitric Oxide (NO),Mean,UHF42,Neighborhood (UHF 42),310,Lower Manhattan,Annual Average 2016,24.06,,
413782,391,3,104,2028,122,Nitric Oxide (NO),Mean,UHF42,Neighborhood (UHF 42),401,Long Island City - Astoria,Annual Average 2016,16.68,,
413785,391,3,104,2028,122,Nitric Oxide (NO),Mean,UHF42,Neighborhood (UHF 42),402,West Queens,Annual Average 2016,17.22,,
413788,391,3,104,2028,122,Nitric Oxide (NO),Mean,UHF42,Neighborhood (UHF 42),403,Flushing - Clearview,Annual Average 2016,15.07,,
413791,391,3,104,2028,122,Nitric Oxide (NO),Mean,UHF42,Neighborhood (UHF 42),404,Bayside - Little Neck,Annual Average 2016,15.3,,
413794,391,3,104,2028,122,Nitric Oxide (NO),Mean,UHF42,Neighborhood (UHF 42),405,Ridgewood - Forest Hills,Annual Average 2016,17.4,,
413797,391,3,104,2028,122,Nitric Oxide (NO),Mean,UHF42,Neighborhood (UHF 42),406,Fresh Meadows,Annual Average 2016,15.93,,
413800,391,3,104,2028,122,Nitric Oxide (NO),Mean,UHF42,Neighborhood (UHF 42),407,Southwest Queens,Annual Average 2016,16.48,,
413803,391,3,104,2028,122,Nitric Oxide (NO),Mean,UHF42,Neighborhood (UHF 42),408,Jamaica,Annual Average 2016,15.76,,
413806,391,3,104,2028,122,Nitric Oxide (NO),Mean,UHF42,Neighborhood (UHF 42),409,Southeast Queens,Annual Average 2016,14.38,,
413809,391,3,104,2028,122,Nitric Oxide (NO),Mean,UHF42,Neighborhood (UHF 42),410,Rockaways,Annual Average 2016,13.62,,
413812,391,3,104,2028,122,Nitric Oxide (NO),Mean,UHF42,Neighborhood (UHF 42),501,Port Richmond,Annual Average 2016,11.46,,
413815,391,3,104,2028,122,Nitric Oxide (NO),Mean,UHF42,Neighborhood (UHF 42),502,Stapleton - St. George,Annual Average 2016,12.63,,
413818,391,3,104,2028,122,Nitric Oxide (NO),Mean,UHF42,Neighborhood (UHF 42),503,Willowbrook,Annual Average 2016,10.72,,
413821,391,3,104,2028,122,Nitric Oxide (NO),Mean,UHF42,Neighborhood (UHF 42),504,South Beach - Tottenville,Annual Average 2016,9.14,,
413824,391,4,104,2028,122,Nitric Oxide (NO),Mean,UHF34,Neighborhood (UHF 34),101,Kingsbridge - Riverdale,Annual Average 2016,13.22,,
413827,391,4,104,2028,122,Nitric Oxide (NO),Mean,UHF34,Neighborhood (UHF 34),102,Northeast Bronx,Annual Average 2016,14.62,,
413830,391,4,104,2028,122,Nitric Oxide (NO),Mean,UHF34,Neighborhood (UHF 34),103,Fordham - Bronx Pk,Annual Average 2016,14.92,,
413833,391,4,104,2028,122,Nitric Oxide (NO),Mean,UHF34,Neighborhood (UHF 34),104,Pelham - Throgs Neck,Annual Average 2016,15.94,,
413836,391,4,104,2028,122,Nitric Oxide (NO),Mean,UHF34,Neighborhood (UHF 34),201,Greenpoint,Annual Average 2016,20.4,,
413839,391,4,104,2028,122,Nitric Oxide (NO),Mean,UHF34,Neighborhood (UHF 34),202,Downtown - Heights - Slope,Annual Average 2016,21.23,,
413842,391,4,104,2028,122,Nitric Oxide (NO),Mean,UHF34,Neighborhood (UHF 34),203,Bedford Stuyvesant - Crown Heights,Annual Average 2016,19.03,,
413845,391,4,104,2028,122,Nitric Oxide (NO),Mean,UHF34,Neighborhood (UHF 34),204,East New York,Annual Average 2016,18.22,,
413848,391,4,104,2028,122,Nitric Oxide (NO),Mean,UHF34,Neighborhood (UHF 34),205,Sunset Park,Annual Average 2016,17.74,,
413851,391,4,104,2028,122,Nitric Oxide (NO),Mean,UHF34,Neighborhood (UHF 34),206,Borough Park,Annual Average 2016,16.24,,
413854,391,4,104,2028,122,Nitric Oxide (NO),Mean,UHF34,Neighborhood (UHF 34),207,East Flatbush - Flatbush,Annual Average 2016,18.09,,
413857,391,4,104,2028,122,Nitric Oxide (NO),Mean,UHF34,Neighborhood (UHF 34),208,Canarsie - Flatlands,Annual Average 2016,15.6,,
413860,391,4,104,2028,122,Nitric Oxide (NO),Mean,UHF34,Neighborhood (UHF 34),209,Bensonhurst - Bay Ridge,Annual Average 2016,14.91,,
413863,391,4,104,2028,122,Nitric Oxide (NO),Mean,UHF34,Neighborhood (UHF 34),210,Coney Island - Sheepshead Bay,Annual Average 2016,14.39,,
413866,391,4,104,2028,122,Nitric Oxide (NO),Mean,UHF34,Neighborhood (UHF 34),211,Williamsburg - Bushwick,Annual Average 2016,18.83,,
413869,391,4,104,2028,122,Nitric Oxide (NO),Mean,UHF34,Neighborhood (UHF 34),301,Washington Heights,Annual Average 2016,16.53,,
413872,391,4,104,2028,122,Nitric Oxide (NO),Mean,UHF34,Neighborhood (UHF 34),302,Central Harlem - Morningside Heights,Annual Average 2016,16.98,,
413875,391,4,104,2028,122,Nitric Oxide (NO),Mean,UHF34,Neighborhood (UHF 34),303,East Harlem,Annual Average 2016,18.73,,
413878,391,4,104,2028,122,Nitric Oxide (NO),Mean,UHF34,Neighborhood (UHF 34),304,Upper West Side,Annual Average 2016,22.11,,
413881,391,4,104,2028,122,Nitric Oxide (NO),Mean,UHF34,Neighborhood (UHF 34),401,Long Island City - Astoria,Annual Average 2016,16.68,,
413884,391,4,104,2028,122,Nitric Oxide (NO),Mean,UHF34,Neighborhood (UHF 34),402,West Queens,Annual Average 2016,17.22,,
413887,391,4,104,2028,122,Nitric Oxide (NO),Mean,UHF34,Neighborhood (UHF 34),403,Flushing - Clearview,Annual Average 2016,15.06,,
413890,391,4,104,2028,122,Nitric Oxide (NO),Mean,UHF34,Neighborhood (UHF 34),405,Ridgewood - Forest Hills,Annual Average 2016,17.4,,
413893,391,4,104,2028,122,Nitric Oxide (NO),Mean,UHF34,Neighborhood (UHF 34),407,Southwest Queens,Annual Average 2016,16.48,,
413896,391,4,104,2028,122,Nitric Oxide (NO),Mean,UHF34,Neighborhood (UHF 34),408,Jamaica,Annual Average 2016,15.76,,
413899,391,4,104,2028,122,Nitric Oxide (NO),Mean,UHF34,Neighborhood (UHF 34),409,Southeast Queens,Annual Average 2016,14.38,,
413902,391,4,104,2028,122,Nitric Oxide (NO),Mean,UHF34,Neighborhood (UHF 34),410,Rockaways,Annual Average 2016,13.62,,
413905,391,4,104,2028,122,Nitric Oxide (NO),Mean,UHF34,Neighborhood (UHF 34),305307,Upper East Side-Gramercy,Annual Average 2016,27.93,,
413908,391,4,104,2028,122,Nitric Oxide (NO),Mean,UHF34,Neighborhood (UHF 34),306308,Chelsea-Village  ,Annual Average 2016,29.91,,
413911,391,4,104,2028,122,Nitric Oxide (NO),Mean,UHF34,Neighborhood (UHF 34),309310,Union Square-Lower Manhattan,Annual Average 2016,25.96,,
413914,391,4,104,2028,122,Nitric Oxide (NO),Mean,UHF34,Neighborhood (UHF 34),404406,Bayside Little Neck-Fresh Meadows,Annual Average 2016,15.56,,
413917,391,4,104,2028,122,Nitric Oxide (NO),Mean,UHF34,Neighborhood (UHF 34),501502,Northern SI,Annual Average 2016,12.22,,
413920,391,4,104,2028,122,Nitric Oxide (NO),Mean,UHF34,Neighborhood (UHF 34),503504,Southern SI,Annual Average 2016,9.73,,
413923,391,4,104,2028,122,Nitric Oxide (NO),Mean,UHF34,Neighborhood (UHF 34),105106107,South Bronx,Annual Average 2016,16.2,,
413926,391,6,104,2028,122,Nitric Oxide (NO),Mean,Citywide,Citywide,1,New York City,Annual Average 2016,15.58,,
413929,391,17,104,2028,122,Nitric Oxide (NO),Mean,CD,Neighborhood (community district),101,Financial District (CD1),Annual Average 2016,25.8,,
413932,391,17,104,2028,122,Nitric Oxide (NO),Mean,CD,Neighborhood (community district),102,Greenwich Village and Soho (CD2),Annual Average 2016,32.85,,
413935,391,17,104,2028,122,Nitric Oxide (NO),Mean,CD,Neighborhood (community district),103,Lower East Side and Chinatown (CD3),Annual Average 2016,27,,
413938,391,17,104,2028,122,Nitric Oxide (NO),Mean,CD,Neighborhood (community district),104,Clinton and Chelsea (CD4),Annual Average 2016,26.98,,
413941,391,17,104,2028,122,Nitric Oxide (NO),Mean,CD,Neighborhood (community district),105,Midtown (CD5),Annual Average 2016,29.85,,
413944,391,17,104,2028,122,Nitric Oxide (NO),Mean,CD,Neighborhood (community district),106,Stuyvesant Town and Turtle Bay (CD6),Annual Average 2016,27.43,,
413947,391,17,104,2028,122,Nitric Oxide (NO),Mean,CD,Neighborhood (community district),107,Upper West Side (CD7),Annual Average 2016,22.34,,
413950,391,17,104,2028,122,Nitric Oxide (NO),Mean,CD,Neighborhood (community district),108,Upper East Side (CD8),Annual Average 2016,27.23,,
413953,391,17,104,2028,122,Nitric Oxide (NO),Mean,CD,Neighborhood (community district),109,Morningside Heights and Hamilton Heights (CD9),Annual Average 2016,16.92,,
413956,391,17,104,2028,122,Nitric Oxide (NO),Mean,CD,Neighborhood (community district),110,Central Harlem (CD10),Annual Average 2016,17.22,,
413959,391,17,104,2028,122,Nitric Oxide (NO),Mean,CD,Neighborhood (community district),111,East Harlem (CD11),Annual Average 2016,18.56,,
413962,391,17,104,2028,122,Nitric Oxide (NO),Mean,CD,Neighborhood (community district),112,Washington Heights and Inwood (CD12),Annual Average 2016,16.36,,
413965,391,17,104,2028,122,Nitric Oxide (NO),Mean,CD,Neighborhood (community district),201,Mott Haven and Melrose (CD1),Annual Average 2016,16.34,,
413968,391,17,104,2028,122,Nitric Oxide (NO),Mean,CD,Neighborhood (community district),202,Hunts Point and Longwood (CD2),Annual Average 2016,15.69,,
413971,391,17,104,2028,122,Nitric Oxide (NO),Mean,CD,Neighborhood (community district),203,Morrisania and Crotona (CD3),Annual Average 2016,15.35,,
413974,391,17,104,2028,122,Nitric Oxide (NO),Mean,CD,Neighborhood (community district),204,Highbridge and Concourse (CD4),Annual Average 2016,16.75,,
413977,391,17,104,2028,122,Nitric Oxide (NO),Mean,CD,Neighborhood (community district),205,Fordham and University Heights (CD5),Annual Average 2016,17.32,,
413980,391,17,104,2028,122,Nitric Oxide (NO),Mean,CD,Neighborhood (community district),206,Belmont and East Tremont (CD6),Annual Average 2016,16.53,,
413983,391,17,104,2028,122,Nitric Oxide (NO),Mean,CD,Neighborhood (community district),207,Kingsbridge Heights and Bedford (CD7),Annual Average 2016,15.84,,
413986,391,17,104,2028,122,Nitric Oxide (NO),Mean,CD,Neighborhood (community district),208,Riverdale and Fieldston (CD8),Annual Average 2016,13.11,,
413989,391,17,104,2028,122,Nitric Oxide (NO),Mean,CD,Neighborhood (community district),209,Parkchester and Soundview (CD9),Annual Average 2016,16.63,,
413992,391,17,104,2028,122,Nitric Oxide (NO),Mean,CD,Neighborhood (community district),210,Throgs Neck and Co-op City (CD10),Annual Average 2016,16.14,,
413995,391,17,104,2028,122,Nitric Oxide (NO),Mean,CD,Neighborhood (community district),211,Morris Park and Bronxdale (CD11),Annual Average 2016,14.21,,
413998,391,17,104,2028,122,Nitric Oxide (NO),Mean,CD,Neighborhood (community district),212,Williamsbridge and Baychester (CD12),Annual Average 2016,14.13,,
414001,391,17,104,2028,122,Nitric Oxide (NO),Mean,CD,Neighborhood (community district),301,Greenpoint and Williamsburg (CD1),Annual Average 2016,20.06,,
414004,391,17,104,2028,122,Nitric Oxide (NO),Mean,CD,Neighborhood (community district),302,Fort Greene and Brooklyn Heights (CD2),Annual Average 2016,22.95,,
414007,391,17,104,2028,122,Nitric Oxide (NO),Mean,CD,Neighborhood (community district),303,Bedford Stuyvesant (CD3),Annual Average 2016,19.03,,
414010,391,17,104,2028,122,Nitric Oxide (NO),Mean,CD,Neighborhood (community district),304,Bushwick (CD4),Annual Average 2016,18.54,,
414013,391,17,104,2028,122,Nitric Oxide (NO),Mean,CD,Neighborhood (community district),305,East New York and Starrett City (CD5),Annual Average 2016,18.08,,
414016,391,17,104,2028,122,Nitric Oxide (NO),Mean,CD,Neighborhood (community district),306,Park Slope and Carroll Gardens (CD6),Annual Average 2016,19.42,,
414019,391,17,104,2028,122,Nitric Oxide (NO),Mean,CD,Neighborhood (community district),307,Sunset Park (CD7),Annual Average 2016,18.21,,
414022,391,17,104,2028,122,Nitric Oxide (NO),Mean,CD,Neighborhood (community district),308,Crown Heights and Prospect Heights (CD8),Annual Average 2016,19.9,,
414025,391,17,104,2028,122,Nitric Oxide (NO),Mean,CD,Neighborhood (community district),309,South Crown Heights and Lefferts Gardens (CD9),Annual Average 2016,19.32,,
414028,391,17,104,2028,122,Nitric Oxide (NO),Mean,CD,Neighborhood (community district),310,Bay Ridge and Dyker Heights (CD10),Annual Average 2016,15.66,,
414031,391,17,104,2028,122,Nitric Oxide (NO),Mean,CD,Neighborhood (community district),311,Bensonhurst (CD11),Annual Average 2016,14.91,,
414034,391,17,104,2028,122,Nitric Oxide (NO),Mean,CD,Neighborhood (community district),312,Borough Park (CD12),Annual Average 2016,16.14,,
414037,391,17,104,2028,122,Nitric Oxide (NO),Mean,CD,Neighborhood (community district),313,Coney Island (CD13),Annual Average 2016,13.72,,
414040,391,17,104,2028,122,Nitric Oxide (NO),Mean,CD,Neighborhood (community district),314,Flatbush and Midwood (CD14),Annual Average 2016,17.37,,
414043,391,17,104,2028,122,Nitric Oxide (NO),Mean,CD,Neighborhood (community district),315,Sheepshead Bay (CD15),Annual Average 2016,14.65,,
414046,391,17,104,2028,122,Nitric Oxide (NO),Mean,CD,Neighborhood (community district),316,Brownsville (CD16),Annual Average 2016,18.3,,
414049,391,17,104,2028,122,Nitric Oxide (NO),Mean,CD,Neighborhood (community district),317,East Flatbush (CD17),Annual Average 2016,18.17,,
414052,391,17,104,2028,122,Nitric Oxide (NO),Mean,CD,Neighborhood (community district),318,Flatlands and Canarsie (CD18),Annual Average 2016,15.48,,
414055,391,17,104,2028,122,Nitric Oxide (NO),Mean,CD,Neighborhood (community district),401,Long Island City and Astoria (CD1),Annual Average 2016,15.36,,
414058,391,17,104,2028,122,Nitric Oxide (NO),Mean,CD,Neighborhood (community district),402,Woodside and Sunnyside (CD2),Annual Average 2016,17.98,,
414061,391,17,104,2028,122,Nitric Oxide (NO),Mean,CD,Neighborhood (community district),403,Jackson Heights (CD3),Annual Average 2016,15.93,,
414064,391,17,104,2028,122,Nitric Oxide (NO),Mean,CD,Neighborhood (community district),404,Elmhurst and Corona (CD4),Annual Average 2016,17.82,,
414067,391,17,104,2028,122,Nitric Oxide (NO),Mean,CD,Neighborhood (community district),405,Ridgewood and Maspeth (CD5),Annual Average 2016,17.19,,
414070,391,17,104,2028,122,Nitric Oxide (NO),Mean,CD,Neighborhood (community district),406,Rego Park and Forest Hills (CD6),Annual Average 2016,18.17,,
414073,391,17,104,2028,122,Nitric Oxide (NO),Mean,CD,Neighborhood (community district),407,Flushing and Whitestone (CD7),Annual Average 2016,15.2,,
414076,391,17,104,2028,122,Nitric Oxide (NO),Mean,CD,Neighborhood (community district),408,Hillcrest and Fresh Meadows (CD8),Annual Average 2016,16.11,,
414079,391,17,104,2028,122,Nitric Oxide (NO),Mean,CD,Neighborhood (community district),409,Kew Gardens and Woodhaven (CD9),Annual Average 2016,17.11,,
414082,391,17,104,2028,122,Nitric Oxide (NO),Mean,CD,Neighborhood (community district),410,South Ozone Park and Howard Beach (CD10),Annual Average 2016,16.1,,
414085,391,17,104,2028,122,Nitric Oxide (NO),Mean,CD,Neighborhood (community district),411,Bayside and Little Neck (CD11),Annual Average 2016,15.08,,
414088,391,17,104,2028,122,Nitric Oxide (NO),Mean,CD,Neighborhood (community district),412,Jamaica and Hollis (CD12),Annual Average 2016,15.64,,
414091,391,17,104,2028,122,Nitric Oxide (NO),Mean,CD,Neighborhood (community district),413,Queens Village (CD13),Annual Average 2016,14.39,,
414094,391,17,104,2028,122,Nitric Oxide (NO),Mean,CD,Neighborhood (community district),414,Rockaway and Broad Channel (CD14),Annual Average 2016,13.59,,
414097,391,17,104,2028,122,Nitric Oxide (NO),Mean,CD,Neighborhood (community district),501,St. George and Stapleton (CD1),Annual Average 2016,12.34,,
414100,391,17,104,2028,122,Nitric Oxide (NO),Mean,CD,Neighborhood (community district),502,South Beach and Willowbrook (CD2),Annual Average 2016,10.83,,
414103,391,17,104,2028,122,Nitric Oxide (NO),Mean,CD,Neighborhood (community district),503,Tottenville and Great Kills (CD3),Annual Average 2016,8.93,,

NYC Department of Health and Mental Hygiene
Environment & Health Data Portal
Available at: http://nyc.gov/health/tracking Accessed 02/17/2019
